Date,actual_vol,baseline,ridge,random_forest,extra_trees,xgboost,stacking,tuned_xgboost,garch11
2023-01-11,0.1887255729981782,0.1915544873155159,0.18384777671896416,0.18793969652886383,0.1903296282879077,0.18924333,0.185703981522505,0.18864156,0.1799512434121771
2023-01-12,0.1872960435921422,0.1948579928958849,0.18845425016049808,0.19115662887312818,0.19254108464619096,0.18974838,0.1918153292200434,0.19154735,0.1809870383923547
2023-01-13,0.1860476174194704,0.1887255729981782,0.18561621074666362,0.18464599099025533,0.18949214784354104,0.18093078,0.18701113778411282,0.183771,0.1819984110583633
2023-01-17,0.1732754027702641,0.1872960435921422,0.18681231729020564,0.18449818753803926,0.18818397366418202,0.18558455,0.18953515630006842,0.18382262,0.18298609882539385
2023-01-18,0.1698706180623868,0.1860476174194704,0.18500166875877097,0.18443552220190507,0.18736906895876254,0.18534534,0.187477502965478,0.18382262,0.18395080796311367
2023-01-19,0.1770535192502128,0.1732754027702641,0.17484048780008926,0.17397827843365193,0.177046016115245,0.16936411,0.1751645966468842,0.1713481,0.18489321542647807
2023-01-20,0.1803658062163666,0.1698706180623868,0.1710537610933852,0.16948616384916312,0.1733501245634708,0.169557,0.17137339169790936,0.16852611,0.18581397054670037
2023-01-23,0.1749326228888356,0.1770535192502128,0.17577720602844724,0.17912327722141416,0.1791499537534993,0.1762876,0.17681147337474198,0.17799565,0.18671369659540368
2023-01-24,0.1650537406961283,0.1803658062163666,0.17793102253042098,0.18240063294665396,0.18210323346102233,0.17798342,0.17939109627566321,0.18068418,0.18759299223356243
2023-01-25,0.1673439753669755,0.1749326228888356,0.1708227033450627,0.17915104933763235,0.1759258475747782,0.17622857,0.17225080233579418,0.17799565,0.18845243285559443
2023-01-26,0.1656335954468756,0.1650537406961283,0.16174465585592523,0.1670298125064319,0.16768488898285785,0.16081634,0.16149771661226628,0.16611253,0.18929257183787523
2023-01-27,0.1657754199591875,0.1673439753669755,0.16557781974579314,0.16802474648317955,0.17034293708295745,0.16494906,0.1655813900184968,0.16611253,0.19011394169998527
2023-01-30,0.1624472240472722,0.1656335954468756,0.16507746196806972,0.1670298125064319,0.1691469463557547,0.1657956,0.16487183514663498,0.16611253,0.1909170551861531
2023-01-31,0.1633400762493335,0.1657754199591875,0.16365912754176382,0.1670298125064319,0.16869879553464093,0.16506013,0.16360017316499145,0.16611253,0.1917024062736099
2023-02-01,0.165151259462197,0.1624472240472722,0.1610625237570358,0.1655560147641217,0.1644352415521136,0.16259268,0.16186508640666097,0.16509496,0.1924704711139068
2023-02-02,0.1724983108508769,0.1633400762493335,0.16251997341317434,0.16567889954153542,0.16549648009002513,0.16381857,0.163459921589581,0.16509496,0.1932217089126594
2023-02-03,0.1676021029297921,0.165151259462197,0.16301609059245378,0.1670298125064319,0.16668638542747483,0.16294664,0.1638864112660954,0.16611253,0.19395656275265974
2023-02-06,0.1567835302761933,0.1724983108508769,0.16910878293597295,0.1740953687529388,0.17256011366735124,0.16915229,0.17093293418796657,0.1713481,0.19467546036483097
2023-02-07,0.1639510778001197,0.1676021029297921,0.16417682716074905,0.1679783586787335,0.1681060827172491,0.16665201,0.16548793495803088,0.16852611,0.19537881485108405
2023-02-08,0.1677720322436562,0.1567835302761933,0.1561188251653155,0.1546870475514018,0.15864150122615517,0.15413614,0.1559877525285434,0.1568051,0.19606702536276438
2023-02-09,0.1633132860708292,0.1639510778001197,0.1622742816735765,0.16610042758667626,0.1652860187266801,0.16344011,0.16332023136948975,0.16509496,0.19674047773804326
2023-02-10,0.1669782876825515,0.1677720322436562,0.16697256690003148,0.16938839087744742,0.17002555410569545,0.16936955,0.168359902190705,0.16852611,0.1973995451013115
2023-02-13,0.1669971379877949,0.1633132860708292,0.16249045996651615,0.16572509317714007,0.16543816168362868,0.16411471,0.16349157439291823,0.16509496,0.19804458842736344
2023-02-14,0.1665841956785919,0.1669782876825515,0.16348401186728914,0.16773798089696104,0.1660335975457747,0.16419554,0.16539135688866144,0.16611253,0.19867595707291982
2023-02-15,0.1639529797883342,0.1669971379877949,0.16501846859160288,0.16773798089696104,0.16713290822546903,0.1636632,0.16660251479387692,0.16611253,0.19929398927781886
2023-02-16,0.1613406134325398,0.1665841956785919,0.16588372935632276,0.16698361887082722,0.16761114791793255,0.1640158,0.16733035669556603,0.16611253,0.19989901263801133
2023-02-17,0.1678912534951702,0.1639529797883342,0.16240691938305915,0.16605423395107158,0.165273591263971,0.1642398,0.1635881507882169,0.16509496,0.20049134455231585
2023-02-21,0.1626090320218045,0.1613406134325398,0.16107718048130118,0.16513194299370995,0.1637973572698438,0.16308457,0.16196287349062954,0.16509496,0.20107129264473148
2023-02-22,0.1636992267491355,0.1678912534951702,0.1670738244619703,0.16939971909704474,0.16840315175637233,0.16622017,0.169054923085489,0.16852611,0.20163915516395986
2023-02-23,0.1678994219630286,0.1626090320218045,0.16236893612291375,0.1655560147641217,0.1648064261847296,0.16285841,0.16353361016772125,0.16509496,0.2021952213616557
2023-02-24,0.1634210723282108,0.1636992267491355,0.16284532085874695,0.16605423395107158,0.16492268001686702,0.16283515,0.16416228845644432,0.16509496,0.20273977185080713
2023-02-27,0.1632951992350865,0.1678994219630286,0.16595716300636532,0.16939971909704474,0.16783047690513353,0.1668216,0.16808454129523023,0.16852611,0.2032730789455351
2023-02-28,0.1582532348083915,0.1634210723282108,0.16348629784987098,0.16597180700750144,0.16547593971581762,0.16350976,0.1646693544127632,0.16509496,0.2037954069835061
2023-03-01,0.151548140351199,0.1632951992350865,0.1622488799252523,0.16567889954153542,0.1645853987722381,0.16409774,0.16363658124946384,0.16509496,0.20430701263205794
2023-03-02,0.1577002169960945,0.1582532348083915,0.15848795734862156,0.1609131586778756,0.1604439641234874,0.16202521,0.15923217420094407,0.16376732,0.20480814517905763
2023-03-03,0.1478589526510523,0.151548140351199,0.15399982079038532,0.14861346570603728,0.15427770298839977,0.14836287,0.15317300993775693,0.15099087,0.20529904680943634
2023-03-06,0.1524637715914929,0.1577002169960945,0.15821709151872412,0.15471014332277983,0.15980486072788117,0.15353118,0.15856251791387713,0.1568051,0.20577995286827339
2023-03-07,0.1519626584335953,0.1478589526510523,0.14934550774186123,0.1466315028509449,0.14955326934300273,0.1462902,0.14801410338543036,0.14655301,0.20625109211124265
2023-03-08,0.1539848164366167,0.1524637715914929,0.15261615201273618,0.15042378569550435,0.1542834555754233,0.1485553,0.15236881314177525,0.15099087,0.2067126869431729
2023-03-09,0.1568230623420662,0.1519626584335953,0.15113359526313838,0.1506910462769269,0.15172509242844193,0.14725217,0.15112961312930362,0.15099087,0.2071649536454234
2023-03-10,0.1554828855292131,0.1539848164366167,0.15354224342131403,0.1547094361337218,0.1554671161968353,0.1526108,0.15358437501381136,0.1568051,0.20760810259272364
2023-03-13,0.1682272645825653,0.1568230623420662,0.15392973790465894,0.1559550134655743,0.15615688465649238,0.1525236,0.1547497693788305,0.1568051,0.2080423384600863
2023-03-14,0.1612716286978577,0.1554828855292131,0.1539949415628642,0.155016173525026,0.1557078970794399,0.15130767,0.1545049181272226,0.1568051,0.20846786042035473
2023-03-15,0.1757404039452215,0.1682272645825653,0.16458188262839218,0.16939971909704474,0.16628441788609313,0.16455267,0.1672278290911263,0.16852611,0.20888486233291428
2023-03-16,0.1778317867502657,0.1612716286978577,0.15973172536592808,0.1651681336897415,0.16090295531601465,0.16345118,0.16182179922165058,0.16509496,0.2092935329240566
2023-03-17,0.1777586469095541,0.1757404039452215,0.17186270267237863,0.17931379790950283,0.17342553623998394,0.17451195,0.17562868463429762,0.17799565,0.20969405595945767
2023-03-20,0.1847265062090236,0.1778317867502657,0.17406756238214996,0.17985551655110601,0.17520494755841506,0.17451195,0.1784657434102296,0.17799565,0.21008661040919618
2023-03-21,0.1809166909228471,0.1777586469095541,0.17652087575384956,0.17974399774324498,0.17710831317466447,0.17804708,0.180346301315029,0.17799565,0.21047137060571605
2023-03-22,0.1812635286549948,0.1847265062090236,0.180549868322981,0.18490778971726052,0.18088181896072894,0.18359324,0.18546794259191976,0.18382262,0.21084850639510544
2023-03-23,0.181808506562281,0.1809166909228471,0.18057264513481855,0.18282736980348033,0.18103760451329362,0.18244582,0.18452412866878357,0.18068418,0.21121818328204703
2023-03-24,0.1779845908747628,0.1812635286549948,0.18106995765780293,0.18264949784950596,0.1813348559103033,0.18244582,0.18482434974983708,0.18068418,0.21158056256876606
2023-03-27,0.1777780918312405,0.181808506562281,0.1814250896565444,0.18255047893643273,0.18195913816061818,0.18244582,0.18522936995602626,0.18068418,0.2119358014882882
2023-03-28,0.1840997039157658,0.1779845908747628,0.17908293106292913,0.17964006353748402,0.18020224104640659,0.17750531,0.1816420367972104,0.17799565,0.21228405333229478
2023-03-29,0.1840849430503029,0.1777780918312405,0.17857292228507474,0.1795157506917356,0.17927737442114577,0.17873445,0.18155371516767813,0.17799565,0.2126254675738501
2023-03-30,0.18809297236901,0.1840997039157658,0.18308532149941262,0.18425701806672617,0.18458127544092076,0.18377858,0.1863790637403933,0.18180025,0.21296018998525512
2023-03-31,0.1809858045875439,0.1840849430503029,0.18331770596611469,0.18425701806672617,0.1845550987785086,0.18346107,0.18656745156059215,0.18180025,0.21328836275126953
2023-04-03,0.1823992268426136,0.18809297236901,0.1855629316470738,0.18494163148931703,0.1862599110482204,0.18558593,0.1892431649355054,0.18382262,0.21361012457792852
2023-04-04,0.1733006458111931,0.1809858045875439,0.17958850649802247,0.18261650083826322,0.1813560158968865,0.18084371,0.18241066307428605,0.18068418,0.21392561079716724
2023-04-05,0.1735347192772503,0.1823992268426136,0.18217316673822498,0.18408108022835296,0.1834698708165639,0.18059678,0.18499847658985308,0.18068418,0.21423495346745447
2023-04-06,0.1575988217029933,0.1733006458111931,0.17466927890044168,0.17468447133529214,0.1755204514942952,0.1717149,0.17613013999973032,0.1713481,0.21453828147062495
2023-04-10,0.1455226399429105,0.1735347192772503,0.17559934623273285,0.1767336753621383,0.17635902968653758,0.17773637,0.17713908236014167,0.17799565,0.2148357206050886
2023-04-11,0.146834078240861,0.1575988217029933,0.16109497140230325,0.1545129432804932,0.1619165305225736,0.15568905,0.16022035833916629,0.1568051,0.21512739367558611
2023-04-12,0.1435110574642948,0.1455226399429105,0.1515129574190396,0.14642582041232044,0.1486691626917734,0.14764732,0.14901181578174041,0.14655301,0.21541342057964943
2023-04-13,0.1410687848107178,0.146834078240861,0.14971651300227728,0.14642357099067935,0.14953564843492365,0.14700025,0.14733156559274702,0.14655301,0.21569391839091817
2023-04-14,0.1309872577590768,0.1435110574642948,0.14730815750516607,0.13893529409971359,0.14654421975119114,0.14289007,0.14426495456968372,0.14073694,0.21596900143945386
2023-04-17,0.1208920827941567,0.1410687848107178,0.1410465083070334,0.13535679757231045,0.14131018683097304,0.1371608,0.13781571930004266,0.13797355,0.21623878138918692
2023-04-18,0.1187794536548521,0.1309872577590768,0.13055714453610046,0.13053295379958554,0.13155127620868956,0.12797832,0.1268759477339046,0.12956084,0.2165033673126231
2023-04-19,0.1151451555163109,0.1208920827941567,0.12242602653657804,0.11853153662459716,0.12409332822068224,0.120033406,0.1171512886522848,0.11985308,0.21676286576293094
2023-04-20,0.0930462465433064,0.1187794536548521,0.12030872327711124,0.11701814946835751,0.12153209907761474,0.11573421,0.1150847528661776,0.11985308,0.21701738084352304
2023-04-21,0.0931513449578146,0.1151451555163109,0.11693006551656843,0.11264416158125469,0.11772386538879924,0.10808768,0.11114160005768416,0.112551846,0.21726701427524076
2023-04-24,0.111203537467088,0.0930462465433064,0.09762718675633546,0.09363421931637725,0.1006954731174355,0.091096565,0.08998947137082136,0.094154574,0.21751186546124388
2023-04-25,0.1127645651199468,0.0931513449578146,0.09635067736058817,0.09363421931637725,0.09914064773544468,0.09202582,0.08959516055490603,0.094154574,0.2177520315497031
2023-04-26,0.1293875492119805,0.111203537467088,0.11084079202547144,0.11223822154546419,0.11119040121120843,0.10838506,0.10669484772935912,0.11151734,0.21798760749438778
2023-04-27,0.123703671443877,0.1127645651199468,0.11158365995142755,0.11241237591873061,0.11179431098439141,0.10838506,0.10782454512347532,0.11151734,0.21821868611323617
2023-04-28,0.1230898232473457,0.1293875492119805,0.12047832985045251,0.13299157291601274,0.12563493395776357,0.13100943,0.1205548433543602,0.12956084,0.21844535814499197
2023-05-01,0.1215892271867455,0.123703671443877,0.11649563081757469,0.1280173889181894,0.12159442274088597,0.12949769,0.1162835787950059,0.12644467,0.21866771230398616
2023-05-02,0.1231916885583552,0.1230898232473457,0.12035860775208596,0.12307390599006607,0.12092299232095084,0.124001265,0.11921418212791855,0.12560974,0.21888583533313927
2023-05-03,0.1241294011771245,0.1215892271867455,0.11988219624182218,0.11971425025263147,0.11922666632107226,0.11898098,0.11839564361544995,0.12005656,0.21909981205525597
2023-05-04,0.1397009047102394,0.1231916885583552,0.12493619736664965,0.12308712053303246,0.12241731503001879,0.12360772,0.12327928071260635,0.12560974,0.2193097254226798
2023-05-05,0.1391824418432815,0.1241294011771245,0.12634758930064294,0.1262855459533077,0.1234366544985078,0.1295628,0.12626466841785933,0.12644467,0.21951565656537345
2023-05-08,0.1401442791307355,0.1397009047102394,0.13903159830717723,0.13662181169099777,0.13439436914491312,0.14165646,0.1408332805582736,0.13817704,0.2197176848374854
2023-05-09,0.1410132920567471,0.1391824418432815,0.1377094683007411,0.1366617448632737,0.1337149635805437,0.13663441,0.13888943794433364,0.13817704,0.21991588786246313
2023-05-10,0.1403150304367839,0.1401442791307355,0.13922327342857546,0.1366617448632737,0.13471248184195106,0.13747643,0.14049451270307597,0.13817704,0.22011034157676765
2023-05-11,0.1325256717984123,0.1410132920567471,0.1389688895932006,0.1370727121353205,0.13518778942455503,0.13800399,0.13964930797755204,0.13817704,0.2203011202722437
2023-05-12,0.1328477692927091,0.1403150304367839,0.14223055038731444,0.1364932863173128,0.1360343813579378,0.13586429,0.14235895326311157,0.13817704,0.22048829663719668
2023-05-15,0.1341875171970766,0.1325256717984123,0.13584052638820696,0.13280857954341002,0.13166339035132757,0.13082993,0.13524928709735792,0.13279022,0.22067194179622426
2023-05-16,0.1409958043344947,0.1328477692927091,0.13681640343576185,0.13280857954341002,0.1319835623784812,0.1310858,0.13637308207402493,0.13279022,0.22085212534884996
2023-05-17,0.1447468356054974,0.1341875171970766,0.13840292270180418,0.13307800232093137,0.13295168792121279,0.13111272,0.1380676337826587,0.13279022,0.22102891540700276
2023-05-18,0.1432917268860946,0.1409958043344947,0.14388589661086187,0.1370564922438662,0.13717089102785426,0.13663216,0.14434325656333047,0.13817704,0.2212023786313852
2023-05-19,0.1432973496169014,0.1447468356054974,0.14441392335490044,0.1486310267049663,0.14071629687212986,0.14320415,0.14570795914664447,0.14655301,0.22137258026677029
2023-05-22,0.1492277124323303,0.1432917268860946,0.1442048418434635,0.1399636795094646,0.13948128673938615,0.13873164,0.14508425247328172,0.14073694,0.22153958417626643
2023-05-23,0.1400936065915172,0.1432973496169014,0.1444263544662267,0.13987796828812118,0.13939023567463293,0.13724884,0.14515954188496388,0.14073694,0.221703452874587
2023-05-24,0.1415886958714052,0.1492277124323303,0.14998289218121696,0.14930871958394165,0.14599968313467987,0.14471698,0.15132761253134192,0.14856647,0.22186424756036033
2023-05-25,0.1319685345834386,0.1400936065915172,0.14324057226544795,0.13573008929060815,0.13754653732550648,0.13672362,0.14286684751699752,0.13797355,0.22202202814751382
2023-05-26,0.1290193580017919,0.1415886958714052,0.144019263061753,0.1380003088891093,0.13806056044726428,0.13760604,0.1440453673658878,0.13817704,0.2221768532957647
2023-05-30,0.1306362746098319,0.1319685345834386,0.13629947249276322,0.13269514791912657,0.13281367284598158,0.13276832,0.13540083098423436,0.13279022,0.22232878044024865
2023-05-31,0.1272177342050706,0.1290193580017919,0.13506877453633115,0.13117577479159714,0.13130087232422782,0.12983604,0.13352569566651804,0.12956084,0.22247786582031623
2023-06-01,0.1313039808591799,0.1306362746098319,0.134055121912194,0.13151750148104785,0.13062755364261472,0.12479891,0.13261267343750227,0.12956084,0.22262416450752506
2023-06-02,0.1278190890343798,0.1272177342050706,0.13124051935009012,0.13042054962103916,0.12792412430885727,0.12350698,0.12924730389613595,0.12765592,0.22276773043285597
2023-06-05,0.1141290429138307,0.1313039808591799,0.13261590388025785,0.13180064953339118,0.12951570502711462,0.12864943,0.13154003109916226,0.13258673,0.22290861641317863
2023-06-06,0.1154615482229697,0.1278190890343798,0.12849020171789904,0.13075616901346118,0.12615873961944152,0.12580211,0.12699662780745857,0.12956084,0.22304687417699245
2023-06-07,0.1143208043034677,0.1141290429138307,0.11717605648271452,0.11261853015705704,0.11534355165939568,0.10899954,0.11310258713578156,0.112551846,0.22318255438946633
2023-06-08,0.1139307188426828,0.1154615482229697,0.11812057062127757,0.11264416158125469,0.11557760854726237,0.10899954,0.11459920083994873,0.112551846,0.223315706676801
2023-06-09,0.1156565683263907,0.1143208043034677,0.11791678827626129,0.11264416158125469,0.1150648144503469,0.10899954,0.11407817008139155,0.112551846,0.2234463796499358
2023-06-12,0.1156585170762539,0.1139307188426828,0.11752695550805062,0.11261853015705704,0.11412179460699322,0.11081404,0.1142132767774595,0.11275533,0.22357462092762165
2023-06-13,0.1157677064431816,0.1156565683263907,0.11653968600242716,0.11264416158125469,0.11423896045508318,0.1103187,0.11410698894182493,0.11275533,0.22370047715888017
2023-06-14,0.11503417866849,0.1156585170762539,0.11670386817570609,0.11264416158125469,0.11434516841410527,0.1103187,0.11415020610543555,0.11275533,0.22382399404486952
2023-06-15,0.1131861607412387,0.1157677064431816,0.1167266730577773,0.11264416158125469,0.11421673680553161,0.1101806,0.11433525263231203,0.11275533,0.22394521636017523
2023-06-16,0.1137322316600011,0.11503417866849,0.11549113026195207,0.11264416158125469,0.11334112998600768,0.1101806,0.11283298566946125,0.11275533,0.22406418797354438
2023-06-20,0.115905990356854,0.1131861607412387,0.11442034568704847,0.11259410966635568,0.11196061754216513,0.10975997,0.11163545747405722,0.11172082,0.22418095186808107
2023-06-21,0.1158819629314372,0.1137322316600011,0.11584976219958557,0.11261853015705704,0.11208552258338539,0.1101806,0.11363080972620812,0.11275533,0.22429555016091968
2023-06-22,0.111088618048734,0.115905990356854,0.1175744614832381,0.11264416158125469,0.11427992001579912,0.11128567,0.11549980317787817,0.11307338,0.22440802412239233
2023-06-23,0.1081359992801875,0.1158819629314372,0.11723703959670204,0.11264416158125469,0.11405189843752588,0.11128567,0.11516808199600687,0.11307338,0.22451841419470597
2023-06-26,0.1100410589868311,0.111088618048734,0.11328558557067596,0.11223822154546419,0.110048305609967,0.10975997,0.11100940234003562,0.11172082,0.22462676001014434
2023-06-27,0.1036337335780573,0.1081359992801875,0.11079298439112567,0.1073691477332409,0.1081393735586974,0.10779154,0.1079319366284459,0.11077261,0.22473310040880926
2023-06-28,0.1036663183718972,0.1100410589868311,0.11321223188304674,0.11219583815178398,0.10976670951195411,0.10980168,0.11077706988023045,0.11172082,0.22483747345591543
2023-06-29,0.1047270517340692,0.1036337335780573,0.10803822112784395,0.10158935514557463,0.10523320774814701,0.10161263,0.10446620197256896,0.1026119,0.2249399164586514
2023-06-30,0.1021868880677302,0.1036663183718972,0.10702708914858615,0.10158935514557463,0.10431984072938234,0.10161263,0.10365395838936034,0.1026119,0.22504046598262087
2023-07-03,0.0935842530937235,0.1047270517340692,0.10753274938377623,0.10166219309074054,0.10464133487236818,0.10089584,0.10443822776310409,0.1026119,0.2251391578678756
2023-07-05,0.0987152918136824,0.1021868880677302,0.1056453139820769,0.10109340385246794,0.10298934559241643,0.10161263,0.10222958178072725,0.1026119,0.22523602724455313
2023-07-06,0.09968369401998,0.0935842530937235,0.09718333898103922,0.09363421931637725,0.09640750333899227,0.09207652,0.09280507091351596,0.09435806,0.22533110854812965
2023-07-07,0.0982009482553575,0.0987152918136824,0.10196915746032117,0.09886279805338445,0.10005518542324161,0.098049745,0.09849010773536963,0.100580074,0.2254244355343008
2023-07-10,0.0983870453225572,0.09968369401998,0.10326231858647811,0.09926601134446264,0.10068026592204526,0.098049745,0.09998154386596318,0.100580074,0.22551604129349953
2023-07-11,0.1008435740922753,0.0982009482553575,0.10174297319214294,0.09689768069108877,0.0996089580332872,0.09695529,0.09845666745249528,0.09628087,0.22560595826506294
2023-07-12,0.0999161366403117,0.0983870453225572,0.09994884641288335,0.09724969207770755,0.0989039154315732,0.096704155,0.09698239976478434,0.09628087,0.22569421825105707
2023-07-13,0.0987575730615898,0.1008435740922753,0.1034292604216757,0.09949280116081376,0.10109696007708625,0.101452775,0.10086704994410844,0.100580074,0.2257808524297703
2023-07-14,0.0989724452410167,0.0999161366403117,0.10286932115563958,0.09949280116081376,0.10074115944303123,0.101452775,0.10021086805574331,0.100580074,0.2258658913688837
2023-07-17,0.0936064882887059,0.0987575730615898,0.10152263364444421,0.09896459852520485,0.09990445883124886,0.101452775,0.0987883625741447,0.100580074,0.22594936503832858
2023-07-18,0.0919719339781281,0.0989724452410167,0.10193963928926066,0.09896459852520485,0.10012394941982632,0.101452775,0.09931601395687153,0.100580074,0.22603130282283918
2023-07-19,0.0934685476781028,0.0936064882887059,0.09869457252128767,0.09363421931637725,0.09631232814362042,0.09367038,0.09547081872940184,0.09435806,0.2261117335342093
2023-07-20,0.0904439369044935,0.0919719339781281,0.09678285355860085,0.09366382303284149,0.09545074126759931,0.09556884,0.09335993089900643,0.09435806,0.22619068542326087
2023-07-21,0.0907004347958137,0.0934685476781028,0.09761666353576245,0.09366382303284149,0.09622822427520243,0.095080234,0.09426383749004304,0.09435806,0.22626818619153294
2023-07-24,0.0838989831558664,0.0904439369044935,0.0952708023271465,0.09355845943969872,0.09440393776046234,0.095080234,0.09176969643173573,0.09435806,0.22634426300269783
2023-07-25,0.0810076756073079,0.0907004347958137,0.09451731394279118,0.09355845943969872,0.09401318283279232,0.09467132,0.09129015414504794,0.09435806,0.2264189424937127
2023-07-26,0.0811208795153974,0.0838989831558664,0.08851727260781206,0.08699445907506782,0.08902842286743562,0.08892853,0.08437070464354769,0.08803746,0.22649225078571353
2023-07-27,0.0855275520084545,0.0810076756073079,0.08643994129393671,0.08362757382089835,0.08686177346200115,0.08506266,0.08177428628298505,0.08474531,0.22656421349465775
2023-07-28,0.0852946413872185,0.0811208795153974,0.08622296747150714,0.08362535493434686,0.08659704509037876,0.08411895,0.0817748079472775,0.08474531,0.2266348557417235
2023-07-31,0.0792867429370242,0.0855275520084545,0.08989315875050498,0.09095642159260675,0.08979800160364745,0.092165,0.08629638430336567,0.09222496,0.22670420216347092
2023-08-01,0.0955938960807948,0.0852946413872185,0.08856874562445832,0.09097555928456603,0.08887226726911128,0.08908383,0.08534738027800418,0.09222496,0.22677227692177213
2023-08-02,0.0961063875940924,0.0792867429370242,0.08321312342235995,0.07966396876172145,0.08339314895109708,0.080250405,0.07897750869683616,0.0809005,0.22683910371351623
2023-08-03,0.0930529785791173,0.0955938960807948,0.09691928280467366,0.0950840239797817,0.0959410007355946,0.09663619,0.09502643079986214,0.09628087,0.22690470578009514
2023-08-04,0.096110970525225,0.0961063875940924,0.09827916475005231,0.0951328177817343,0.09665508732376281,0.09656529,0.0962911824758281,0.09628087,0.22696910591667563
2023-08-07,0.0979473092756228,0.0930529785791173,0.09565728623729787,0.09366382303284149,0.09414202484668797,0.09363864,0.09329392975924812,0.09435806,0.22703232648126362
2023-08-08,0.099353618224405,0.096110970525225,0.09741250794335159,0.0951328177817343,0.09577467309933574,0.0964476,0.09592586883597888,0.09628087,0.22709438940356563
2023-08-09,0.0953754933661363,0.0979473092756228,0.10259112479288447,0.09664721560305292,0.0989309359963508,0.097201794,0.1007455856167266,0.09628087,0.2271553161936531
2023-08-10,0.0909260864171873,0.099353618224405,0.10375313969764516,0.09923027909761772,0.09989062013049482,0.10015879,0.10215281950130524,0.100580074,0.22721512795043408
2023-08-11,0.0931997838356835,0.0953754933661363,0.09956457656218035,0.09422556043938231,0.09678099153045559,0.09385128,0.09725919260674909,0.09435806,0.227273845369938
2023-08-14,0.1003936211041595,0.0909260864171873,0.09661255357157693,0.09361890065173872,0.09396006022597854,0.09385128,0.09387512137754202,0.09435806,0.22733148875341697
2023-08-15,0.0981105955839238,0.0931997838356835,0.09927326891769778,0.09366172059528012,0.09566140722114909,0.09385128,0.09682992539341245,0.09435806,0.2273880780152698
2023-08-16,0.0992804918633455,0.1003936211041595,0.10461976674310709,0.09949280116081376,0.10092813266877404,0.100100145,0.10249550243647104,0.100580074,0.2274436326907917
2023-08-17,0.0981533319895838,0.0981105955839238,0.1019210160310736,0.096686997930924,0.09916850125512372,0.097078115,0.0996014467250334,0.09628087,0.22749817194375532
2023-08-18,0.1020462714228735,0.0992804918633455,0.1020812662680793,0.09920408456134956,0.0992542530312272,0.10071772,0.10033703501598662,0.100580074,0.22755171457382634
2023-08-21,0.0998856029605235,0.0981533319895838,0.10155311739263627,0.096686997930924,0.09884027464612895,0.097078115,0.09933887185352075,0.09628087,0.2276042790238184
2023-08-22,0.1083878468209078,0.1020462714228735,0.10616173916631819,0.1012075627692481,0.10219054423357393,0.10203379,0.10418101145925282,0.1026119,0.2276558833867906
2023-08-23,0.1166813290439971,0.0998856029605235,0.10407253032877627,0.09944374916382484,0.10054108424901172,0.100100145,0.10192819640126036,0.100580074,0.22770654541299223
2023-08-24,0.1193799045746459,0.1083878468209078,0.1117116932421168,0.11012280328514366,0.10679906326098113,0.11120824,0.11108743927484736,0.11077261,0.22775628251665808
2023-08-25,0.1159172783738239,0.1166813290439971,0.11860003134430692,0.11403138910802717,0.11478769482037723,0.11668579,0.11915849223338669,0.11437908,0.22780511178265792
2023-08-28,0.1279201398481536,0.1193799045746459,0.12132447483801578,0.11825120734094813,0.11793594593435343,0.122496895,0.12216145104831426,0.12005656,0.22785304997300337
2023-08-29,0.1288529494416933,0.1159172783738239,0.1175358322211397,0.11365695761217037,0.11338591481806343,0.115386695,0.11748240581644383,0.11307338,0.22790011353321687
2023-08-30,0.1193506812909113,0.1279201398481536,0.12963467184527924,0.13244927938938791,0.12575723893342564,0.13268828,0.1316612806614131,0.12976433,0.22794631859856435
2023-08-31,0.1190308218786321,0.1288529494416933,0.1314396336075049,0.13258778206985697,0.12710875070473224,0.13188033,0.1329447999652018,0.12976433,0.2279916810001557
2023-09-01,0.1189306735622207,0.1193506812909113,0.12424034047474372,0.11812259876653004,0.1193763572218781,0.12305928,0.12404754208166305,0.12005656,0.22803621627091722
2023-09-05,0.1171477681736594,0.1190308218786321,0.12309883552985888,0.11810990097789677,0.11823628409794944,0.122045115,0.12286847240430766,0.12005656,0.22807993965143653
2023-09-06,0.1166955342020674,0.1189306735622207,0.12559925938050986,0.11812259876653004,0.119820233077217,0.12288714,0.12494415431237052,0.12005656,0.22812286609568552
2023-09-07,0.1145644500624882,0.1171477681736594,0.12368363232091634,0.11298233613851269,0.11794378534603164,0.11533978,0.12205234594770618,0.11437908,0.22816501027662298
2023-09-08,0.1168145001214762,0.1166955342020674,0.12066992611643364,0.11298233613851269,0.1162700366376023,0.11297695,0.11900667684233104,0.11437908,0.22820638659167966
2023-09-11,0.1184972706591661,0.1145644500624882,0.11882370366486388,0.11264416158125469,0.11374790661986292,0.11076109,0.11686063028298846,0.11275533,0.2282470091681289
2023-09-12,0.1169168480871744,0.1168145001214762,0.12106778283434937,0.11298233613851269,0.11634790305417779,0.11297695,0.11954720070263837,0.11437908,0.22828689186834542
2023-09-13,0.112730796211924,0.1184972706591661,0.12117573860649496,0.11591689658201138,0.11774584032390892,0.1186305,0.11968111749308082,0.12005656,0.22832604829495473
2023-09-14,0.1181435636334461,0.1169168480871744,0.11942567544413138,0.11298233613851269,0.11616180885915861,0.11297695,0.11742373105209156,0.11437908,0.22836449179587576
2023-09-15,0.1143067910611092,0.112730796211924,0.11625226311505214,0.11241237591873061,0.11181941912254437,0.11034046,0.11429982882404004,0.11172082,0.2284022354692592
2023-09-18,0.1147846221583473,0.1181435636334461,0.12116709033844153,0.11463363323933495,0.11716025414278092,0.1186305,0.11985900348277993,0.12005656,0.22843929216832387
2023-09-19,0.1179192872547198,0.1143067910611092,0.11841636403713522,0.11264416158125469,0.11353544695518739,0.11076109,0.11644765542496155,0.11275533,0.2284756745060934
2023-09-20,0.1312543819657843,0.1147846221583473,0.11843674777383806,0.11264416158125469,0.11375324785144428,0.11076109,0.11659419370952837,0.11275533,0.22851139486003588
2023-09-21,0.1242852491287426,0.1179192872547198,0.12024397114458937,0.11381647632914074,0.11672422689284118,0.11381824,0.11900814560309655,0.11437908,0.22854646537660805
2023-09-22,0.1164868535072032,0.1312543819657843,0.1321893746803342,0.13311650746091072,0.12907562287718258,0.1312285,0.13310065102388086,0.13279022,0.2285808979757066
2023-09-25,0.1234217743401428,0.1242852491287426,0.12514420644936652,0.12590941230299899,0.12294192819282068,0.12494801,0.1250341211170009,0.12644467,0.22861470435502873
2023-09-26,0.1204330188005185,0.1164868535072032,0.11859860252262752,0.11290715948019428,0.11517377031758103,0.11172201,0.11678371797640602,0.11307338,0.22864789599434376
2023-09-27,0.1092089872260867,0.1234217743401428,0.12522701300704775,0.12499846026593822,0.12286206767626678,0.12341404,0.12483104282164337,0.12560974,0.22868048415967784
2023-09-28,0.1068685637677339,0.1204330188005185,0.12540873285883702,0.1193362319740842,0.12085084712493982,0.12003325,0.12387103984904199,0.12005656,0.2287124799074139
2023-09-29,0.1070479150296843,0.1092089872260867,0.11427178735512711,0.11147193402507401,0.11079013670310481,0.11076145,0.1113857249982547,0.11172082,0.2287438940883083
2023-10-02,0.1125201093110269,0.1068685637677339,0.11131891302450359,0.10243725573674983,0.10713206731684158,0.103201665,0.1081586377403778,0.104012914,0.22877473735142684
2023-10-03,0.1179054034797334,0.1070479150296843,0.1129266712834874,0.10243725573674983,0.10836102671363926,0.10404369,0.10950841964903807,0.104012914,0.22880502014800058
2023-10-04,0.1170853194396517,0.1125201093110269,0.11659161619514782,0.11237496878252067,0.11265506296494734,0.11019631,0.11422391214684194,0.11172082,0.22883475273520484
2023-10-05,0.1266505319764536,0.1179054034797334,0.11780982256672268,0.11376389731402434,0.11609313627232835,0.113941975,0.11599036717015412,0.11437908,0.22886394517986175
2023-10-06,0.1292092638277835,0.1170853194396517,0.11712163134533986,0.11298233613851269,0.11523599269659263,0.1116353,0.11550926997744,0.11437908,0.22889260736206854
2023-10-09,0.1282516784553513,0.1266505319764536,0.12565184305829774,0.13084359496164738,0.1243128760561582,0.1260789,0.1263257258280423,0.12785941,0.22892074897875347
2023-10-10,0.1286260907392203,0.1292092638277835,0.1283709541633961,0.13245202428439143,0.12665670415488006,0.1287221,0.12885063606325584,0.12976433,0.2289483795471604
2023-10-11,0.1296386875547995,0.1282516784553513,0.12886409532809634,0.13204796780237635,0.12661228482842024,0.1287221,0.12913077861324201,0.12976433,0.22897550840826417
2023-10-12,0.1251499712738087,0.1286260907392203,0.12981590075250315,0.13258778206985697,0.12668385602121732,0.12877427,0.13060149337140636,0.12976433,0.22900214473011743
2023-10-13,0.1262914653299765,0.1296386875547995,0.1330159437317514,0.13250279851715296,0.12824659134485292,0.13201137,0.1336754339117889,0.12976433,0.22902829751113146
2023-10-16,0.1262233956778736,0.1251499712738087,0.12963372785112165,0.12603515588844622,0.12480711402330033,0.12821493,0.12938774148258303,0.12644467,0.2290539755832915
2023-10-17,0.1335399772622636,0.1262914653299765,0.13015598432392989,0.12648818328790182,0.1254260273463754,0.12774503,0.12986715312015887,0.12785941,0.22907918761530863
2023-10-18,0.1332423029206831,0.1262233956778736,0.1297984304965737,0.1259571228299281,0.12542040630742887,0.12774503,0.12925741904610907,0.12785941,0.22910394211570878
2023-10-19,0.1277275422516824,0.1335399772622636,0.13597293371846872,0.13319917490832076,0.13131913635228298,0.13237903,0.13637354003786054,0.13279022,0.22912824743586177
2023-10-20,0.1276834494813656,0.1332423029206831,0.1335920235173108,0.13303805555522552,0.13078241606745808,0.13239458,0.13366422400956884,0.13279022,0.22915211177294906
2023-10-23,0.1299176052885017,0.1277275422516824,0.12939863968775558,0.13190193344984594,0.1264183681991508,0.12956412,0.12888033093426426,0.12976433,0.22917554317287447
2023-10-24,0.1294603472923443,0.1276834494813656,0.12972498221876477,0.1317947535094298,0.12666424150086378,0.12956412,0.12932814265918904,0.12976433,0.2291985495331169
2023-10-25,0.1349022604374683,0.1299176052885017,0.13282333581157407,0.1325657039677568,0.12907073237126881,0.12903698,0.1322060786806922,0.12976433,0.22922113860552723
2023-10-26,0.1325698406007099,0.1294603472923443,0.13243482842420298,0.13223161167940625,0.1285581550984981,0.12903698,0.13177092435936275,0.12976433,0.22924331799907044
2023-10-27,0.1410235236889478,0.1349022604374683,0.13649486303009212,0.13320767053874658,0.13162985118427256,0.13235027,0.1368381658700206,0.13279022,0.22926509518251376
2023-10-30,0.1434513814956249,0.1325698406007099,0.134580581386251,0.13306917250729453,0.13047750208987502,0.13230778,0.13476305462297025,0.13279022,0.22928647748706282
2023-10-31,0.1413599439061676,0.1410235236889478,0.14202062603286805,0.1371120088581837,0.13652025829653325,0.13833892,0.1430250320888067,0.13817704,0.22930747210894567
2023-11-01,0.1540833038109218,0.1434513814956249,0.14321218644974332,0.14068968377662067,0.1387544745347397,0.14243385,0.14437303123435466,0.14094043,0.2293280861119469
2023-11-02,0.1567277226016954,0.1413599439061676,0.14245358949356374,0.13672332907533635,0.13670823945371527,0.13775417,0.1428402873155689,0.13817704,0.2293483264298923
2023-11-03,0.1519577491712918,0.1540833038109218,0.1528442735370939,0.1573068054411994,0.14992307189596496,0.15609533,0.15605051710548762,0.15700859,0.22936819986908502
2023-11-06,0.1507735303197284,0.1567277226016954,0.15644589090847394,0.15744375899718052,0.15340880893829925,0.15398222,0.15934949857945485,0.15700859,0.22938771311069456
2023-11-07,0.1498166522332779,0.1519577491712918,0.15278028539578462,0.15126868527393325,0.14970950816093853,0.14978984,0.15471976294937778,0.15119436,0.2294068727130996
2023-11-08,0.1516922585256875,0.1507735303197284,0.15142749248590628,0.15075979206276854,0.14782713702588646,0.14901774,0.1533278481074445,0.15119436,0.2294256851141851
2023-11-09,0.1594621944769408,0.1498166522332779,0.15297199830102912,0.14956675718677442,0.14948601539704826,0.15033096,0.15408027505054603,0.15099087,0.2294441566335952
2023-11-10,0.1582359885711095,0.1516922585256875,0.1551978705128104,0.1497988764906778,0.15167264156790217,0.1539076,0.15652581415675776,0.15119436,0.22946229347494243
2023-11-13,0.1674968111055208,0.1594621944769408,0.16019460282038853,0.1630876347522951,0.1581395639684282,0.16031584,0.16284354425022293,0.16376732,0.22948010172797453
2023-11-14,0.1674345429735739,0.1582359885711095,0.1587225084510802,0.16098324524975768,0.15722209796433534,0.16013536,0.16113284585641205,0.16376732,0.2294975873706991
2023-11-15,0.1584781223873748,0.1674968111055208,0.166292985001629,0.16804783266385495,0.16465848119284862,0.16582844,0.16997087487970525,0.16852611,0.22951475627146778
2023-11-16,0.1534375696896862,0.1674345429735739,0.16549263628221608,0.1680124487234254,0.16530664943794401,0.16269939,0.1684670510711799,0.16611253,0.22953161419102
2023-11-17,0.1441582190305102,0.1584781223873748,0.15960375596280393,0.16165151210847137,0.15975449467065925,0.16275638,0.16125296695710736,0.16376732,0.22954816678448764
2023-11-20,0.1443747642105748,0.1534375696896862,0.1557306056875311,0.1513813269588919,0.1548799692314341,0.15092589,0.15646715456850854,0.15156972,0.2295644196033613
2023-11-21,0.1436735155819804,0.1441582190305102,0.15014094312480233,0.14669631556734758,0.14571092004020564,0.14612435,0.1494293457555356,0.14655301,0.22958037809741833
2023-11-22,0.1287811509793032,0.1443747642105748,0.1502808375443849,0.1469314083963189,0.14593434344573852,0.14632039,0.14961841840445889,0.14655301,0.2295960476166149
2023-11-24,0.116918533110928,0.1436735155819804,0.1476847201556802,0.14725778967391803,0.14360501859496622,0.1458232,0.1472574163113097,0.14655301,0.229611433412941
2023-11-27,0.1129656157063402,0.1287811509793032,0.13359695219576614,0.1306219583572079,0.1327547693508374,0.12959334,0.13080334223100165,0.12956084,0.22962654064224036
2023-11-28,0.1115277825160751,0.116918533110928,0.12201844611465007,0.11298233613851269,0.12054162834014455,0.114002116,0.11751212027250098,0.114175595,0.22964137436599563
2023-11-29,0.111296500563346,0.1129656157063402,0.11784543662721018,0.1124558559366897,0.11712287708415754,0.11144184,0.1125157612681504,0.11151734,0.22965593955307953
2023-11-30,0.109032482046377,0.1115277825160751,0.11641784022696774,0.1122856948188493,0.11616128288093479,0.10784157,0.11089769874462788,0.11151734,0.22967024108147233
2023-12-01,0.0987423569921672,0.111296500563346,0.11373680991710464,0.1122856948188493,0.11322122973510514,0.1084165,0.10915620944638971,0.11151734,0.22968428373994715
2023-12-04,0.0964908253383289,0.109032482046377,0.1091694365170927,0.11147193402507401,0.11006140376597616,0.10797987,0.1049319267603151,0.11151734,0.22969807222972283
2023-12-05,0.0989906671597657,0.0987423569921672,0.10036483263170252,0.09874468789249183,0.10142285112709239,0.097686335,0.09499666064472104,0.10037659,0.22971161116608538
2023-12-06,0.100832324565671,0.0964908253383289,0.09837956348217534,0.09503694293947636,0.09973145532801386,0.094429664,0.09269648312582107,0.09607739,0.22972490507997903
2023-12-07,0.1009033407419814,0.0989906671597657,0.10048483559135257,0.09874468789249183,0.10121458190327506,0.097686335,0.09527552246401332,0.10037659,0.22973795841956654
2023-12-08,0.0937964560055957,0.100832324565671,0.10255937922734346,0.09930467782983964,0.10168849658651995,0.09920081,0.09818097713083838,0.100580074,0.2297507755517605
2023-12-11,0.0824083171458546,0.1009033407419814,0.10114546615349054,0.09949280116081376,0.10084756175569322,0.09840672,0.09762296962266022,0.100580074,0.22976336076372525
2023-12-12,0.0900072900792416,0.0937964560055957,0.09476307960583906,0.09366382303284149,0.09605351309942953,0.09297384,0.09051676309497995,0.09435806,0.22977571826435045
2023-12-13,0.0685867048727587,0.0824083171458546,0.08605801183416506,0.08378707998476355,0.08870736918493846,0.08373116,0.08030155003123345,0.08474531,0.2297878521856971
2023-12-14,0.0700134039613514,0.0900072900792416,0.09235673836256196,0.09352885572323448,0.09430092704128781,0.091820665,0.08763497887058912,0.09435806,0.22979976658441584
2023-12-15,0.0708625241737134,0.0685867048727587,0.07487540977234593,0.07171722395989848,0.07846823194443078,0.073628195,0.06723360523033317,0.07294036,0.22981146544313866
2023-12-18,0.0717987336736016,0.0700134039613514,0.07558636027443676,0.07190171018676376,0.0781398785652412,0.0761322,0.06887129809907831,0.07353022,0.22982295267184447
2023-12-19,0.0896701342873229,0.0708625241737134,0.07421047998715481,0.07192516812245311,0.07676068318525019,0.07327948,0.0680620530458956,0.07353022,0.22983423210919882
2023-12-20,0.0924246180408444,0.0717987336736016,0.07680695086427909,0.07197343208946073,0.07902858253451478,0.07642943,0.07052094080603223,0.07353022,0.22984530752386834
2023-12-21,0.0922273789102686,0.0896701342873229,0.08683183010403163,0.09379243748597897,0.09046585023575932,0.094264865,0.08414686455341946,0.09435806,0.22985618261581064
2023-12-22,0.0923380655314261,0.0924246180408444,0.08942928806339004,0.09382185617243018,0.09235359774356926,0.093163796,0.08683509193917789,0.09435806,0.22986686101753978
2023-12-26,0.0911690315937466,0.0922273789102686,0.09052316090676192,0.09382185617243018,0.09217570029323344,0.09402489,0.0883187295439882,0.09435806,0.2298773462953681
2023-12-27,0.09131679496323,0.0923380655314261,0.09205574044359315,0.0938197537348688,0.09183152433068684,0.09372161,0.09034032313880945,0.09435806,0.22988764195062458
2023-12-28,0.0925703292583578,0.0911690315937466,0.09455204919232478,0.09361890065173872,0.09371248053009566,0.09513888,0.09182308681397197,0.09435806,0.22989775142085062
2023-12-29,0.0962969723792128,0.09131679496323,0.09675957070934689,0.0935906036779092,0.09390743834395823,0.09537928,0.09473781138729996,0.09435806,0.22990767808097318
2024-01-02,0.1011092947887084,0.0925703292583578,0.09766378072335472,0.09366172059528012,0.09471794822895384,0.0954598,0.09568608790099085,0.09435806,0.22991742524445577
2024-01-03,0.0997084073250086,0.0962969723792128,0.10079196892603512,0.09516325115449757,0.09737472479676204,0.09781834,0.09918598976172108,0.09628087,0.22992699616442847
2024-01-04,0.0995627249107453,0.1011092947887084,0.10485789186650299,0.09951899569708192,0.10017051164474944,0.10183522,0.10399552420162664,0.10093019,0.22993639403479627
2024-01-05,0.1068474680791551,0.0997084073250086,0.10262349402889656,0.09944288927819481,0.09962367424985576,0.10015879,0.10098359486868955,0.100580074,0.22994562199132687
2024-01-08,0.1057311804201491,0.0995627249107453,0.10248532629875756,0.09926443991841682,0.09965336463595115,0.10015879,0.10064558821150969,0.100580074,0.22995468311271824
2024-01-09,0.1062350688541667,0.1068474680791551,0.10922249749594935,0.10279538976166668,0.10498821986490778,0.10567646,0.1080117826108865,0.104012914,0.22996358042164608
2024-01-10,0.1062517763439892,0.1057311804201491,0.10931885464990312,0.10249811674025201,0.10426909504650454,0.104135625,0.10775455484485558,0.10383974,0.22997231688579192
2024-01-11,0.1057620157061156,0.1062350688541667,0.1097989335374624,0.10271605274407733,0.10475144541285332,0.10541189,0.10849950902784689,0.104012914,0.2299808954188519
2024-01-12,0.0972288198796205,0.1062517763439892,0.11022847406610549,0.10271605274407733,0.10459997772676172,0.10541189,0.10904324202287234,0.104012914,0.22998931888152677
2024-01-16,0.0990487422682934,0.1057620157061156,0.11098968770967384,0.1024117938810983,0.10480815984058049,0.10364149,0.10926924320176509,0.10383974,0.22999759008249346
2024-01-17,0.1031476507999955,0.0972288198796205,0.10432853176626426,0.09509303577848985,0.09930155504465424,0.09535453,0.10161300587734176,0.09628087,0.23000571177935883
2024-01-18,0.1096639501015456,0.0990487422682934,0.10555483316294612,0.09895434292526895,0.10073201310336614,0.0995448,0.1030497204881115,0.100580074,0.2300136866795949
2024-01-19,0.1082305459079449,0.1031476507999955,0.10899617636917729,0.10125868487853887,0.10357884644622056,0.102796786,0.10700444595946802,0.1026119,0.23002151744145777
2024-01-22,0.0939831588946153,0.1096639501015456,0.11423358560144406,0.11329462928584838,0.10823776442380144,0.11300929,0.11355828305925099,0.11172082,0.23002920667488852
2024-01-23,0.0896255250180239,0.1082305459079449,0.11002548780351666,0.10943009045305435,0.10670421468358367,0.11002224,0.10890110924864396,0.11077261,0.23003675694239795
2024-01-24,0.0907581620452378,0.0939831588946153,0.09863798655282319,0.09366382303284149,0.0963893633916985,0.0937276,0.09527857978830002,0.09435806,0.23004417075993452
2024-01-25,0.0906228147017103,0.0896255250180239,0.09589551381907128,0.09317072422496703,0.09400638725888887,0.093030244,0.09202487266601266,0.09435806,0.2300514505977365
2024-01-26,0.0935679655755081,0.0907581620452378,0.09821325519668182,0.09352885572323448,0.0954887861485808,0.09461416,0.09420224299989062,0.09435806,0.23005859888116814
2024-01-29,0.0938192954429589,0.0906228147017103,0.09787579578952561,0.09352885572323448,0.0952107598955405,0.09389737,0.09392580824324508,0.09435806,0.23006561799154032
2024-01-30,0.1116858282440568,0.0935679655755081,0.09783154616169916,0.09366382303284149,0.09559728074952487,0.0937276,0.0949881889018346,0.09435806,0.23007251026691602
2024-01-31,0.1168179039246645,0.0938192954429589,0.09693646330935551,0.09366382303284149,0.09528760983071867,0.0937276,0.09421106667638587,0.09435806,0.2300792780029011
2024-02-01,0.114894007606866,0.1116858282440568,0.11147551361456412,0.113157422307765,0.10848907223299227,0.113595344,0.11120173183242799,0.11172082,0.23008592345341994
2024-02-02,0.1151690006687661,0.1168179039246645,0.11504438672376435,0.11308214659678534,0.11411357049867256,0.11399505,0.11490280250849533,0.11437908,0.2300924488314772
2024-02-05,0.1151002377188782,0.114894007606866,0.11423984633572914,0.11274397203952738,0.11184613100399274,0.11305951,0.11382899110737808,0.11275533,0.23009885630990518
2024-02-06,0.1093005449231151,0.1151690006687661,0.11548404043833728,0.11370084108490013,0.1123901858602182,0.1145462,0.11571359062202619,0.11275533,0.23010514802209772
2024-02-07,0.1086465294276557,0.1151002377188782,0.11923930111740304,0.11360103062662748,0.11367168227792503,0.11336486,0.1187430788966562,0.11275533,0.23011132606273005
2024-02-08,0.1086937463193132,0.1093005449231151,0.11552348958248829,0.11236372163854784,0.10968207142763928,0.112906486,0.11430822735542602,0.11172082,0.23011739248846574
2024-02-09,0.108693121589219,0.1086465294276557,0.11456306947528538,0.11181250571763317,0.10905793011063612,0.110987864,0.11330752181841106,0.11077261,0.23012334931865044
2024-02-12,0.1224147599778704,0.1086937463193132,0.11446190414495466,0.11204936351607171,0.10909607717536393,0.11092922,0.11309674046076068,0.11077261,0.23012919853599292
2024-02-13,0.1232943930656428,0.108693121589219,0.11444946434540534,0.11204936351607171,0.10909607717536393,0.11092922,0.11308310538171037,0.11077261,0.2301349420872332
2024-02-14,0.1207767188764236,0.1224147599778704,0.12366015006309036,0.12121922126776404,0.1212833058197209,0.12219508,0.12373312924964491,0.12243553,0.23014058188379888
2024-02-15,0.1217061335267358,0.1232943930656428,0.12382735816216303,0.12338313790070399,0.1223576358071405,0.12335384,0.12393132313627406,0.12560974,0.2301461198024491
2024-02-16,0.1186759226178318,0.1207767188764236,0.12172776021968792,0.11941863719512812,0.11902782059207313,0.11960975,0.12134105155628465,0.12005656,0.2301515576859064
2024-02-20,0.1186575065525507,0.1217061335267358,0.12221362750645838,0.11998886914889305,0.11992308551134245,0.11929616,0.12183860356373374,0.12005656,0.23015689734347744
2024-02-21,0.1359510164667251,0.1186759226178318,0.12270568867964396,0.11729438495279053,0.11820703426067963,0.11887621,0.12139067913722788,0.12005656,0.23016214055166198
2024-02-22,0.1359985545147955,0.1186575065525507,0.12383964677936832,0.11729438495279053,0.1183477853302671,0.11960806,0.12287274295252791,0.12005656,0.23016728905475062
2024-02-23,0.1368886424334356,0.1359510164667251,0.1377717687354048,0.13358201183473858,0.13244330565956539,0.13240933,0.13934515888643878,0.13279022,0.23017234456541175
2024-02-26,0.1364553146671792,0.1359985545147955,0.13796058670846273,0.13344559107046053,0.13262618621749048,0.13240933,0.13947975957554534,0.13279022,0.23017730876526737
2024-02-27,0.1350599401153922,0.1368886424334356,0.13805315062205273,0.13615614794067424,0.1328769574710959,0.13627757,0.13999561058192586,0.13817704,0.23018218330545878
2024-02-28,0.1350079375310064,0.1364553146671792,0.1366512342822978,0.13336531446350727,0.13262820104853745,0.13235717,0.1377817820795019,0.13279022,0.23018696980720152
2024-02-29,0.1202176943508929,0.1350599401153922,0.13912100367601812,0.13307800232093137,0.13276666417938582,0.13125688,0.13932694844532217,0.13279022,0.2301916698623301
2024-03-01,0.1150417585871217,0.1350079375310064,0.13854096813605782,0.13307800232093137,0.13237189082298137,0.13111272,0.13863363534305279,0.13279022,0.23019628503383316
2024-03-04,0.1183525942504043,0.1202176943508929,0.12627485545109032,0.11920047418861868,0.12149799165357728,0.11913544,0.1242416713616388,0.12005656,0.23020081685637808
2024-03-05,0.1176799345908349,0.1150417585871217,0.12219824139788169,0.11264416158125469,0.11632016998827431,0.110427774,0.11936345458396097,0.11275533,0.23020526683682674
2024-03-06,0.1210591865258954,0.1183525942504043,0.12461903745230729,0.11475145994737339,0.11928593167182995,0.11812127,0.1224006539534727,0.12005656,0.23020963645474116
2024-03-07,0.1217770751228357,0.1176799345908349,0.12289342138145931,0.11320988087347428,0.11897854783851308,0.11121394,0.11972975725541526,0.114175595,0.23021392716288028
2024-03-08,0.1219739403120278,0.1210591865258954,0.12275259069520063,0.11892935177847389,0.1205701700658267,0.117219016,0.120963044309494,0.11985308,0.2302181403876874
2024-03-11,0.1254392642802631,0.1217770751228357,0.122206461131468,0.11947540547818351,0.1205928682340357,0.117219016,0.1206844669508136,0.11985308,0.23022227752976895
2024-03-12,0.12571527799077,0.1219739403120278,0.12310215814771089,0.11954129582887932,0.1215063847011778,0.117219016,0.12148821628028596,0.11985308,0.23022633996436417
2024-03-13,0.1136865806323309,0.1254392642802631,0.1259080736963459,0.12509490795917536,0.12451286010927469,0.1221533,0.12503183906765686,0.12624118,0.2302303290418063
2024-03-14,0.114588281720211,0.12571527799077,0.1263094516308269,0.12487566136383434,0.12473697523572862,0.1221533,0.12514681793921748,0.12624118,0.23023424608797538
2024-03-15,0.1140421277130456,0.1136865806323309,0.117509922961654,0.11261853015705704,0.11339242856240346,0.11061694,0.11504695922226306,0.11275533,0.23023809240474283
2024-03-18,0.1127050088300821,0.114588281720211,0.11874401293532795,0.11264416158125469,0.1141356196461461,0.11061694,0.11655626476522571,0.11275533,0.23024186927040763
2024-03-19,0.1124162364335531,0.1140421277130456,0.11877321189809574,0.11261853015705704,0.11426188999871004,0.11145895,0.1162972553359402,0.11275533,0.2302455779401247
2024-03-20,0.1123294106996127,0.1127050088300821,0.11789704011982176,0.11241237591873061,0.11348284110937712,0.11066537,0.11535066159129115,0.11172082,0.23024921964632547
2024-03-21,0.092065804902988,0.1124162364335531,0.11486675343880245,0.11237496878252067,0.11118231681836549,0.11019631,0.1126365805647707,0.11172082,0.2302527955991307
2024-03-22,0.0931816734217541,0.1123294106996127,0.1142456146410655,0.11237496878252067,0.11142286504010461,0.10975997,0.11176157075210841,0.11172082,0.23025630698675556
2024-03-25,0.0921781623593291,0.092065804902988,0.09741612711990867,0.09363421931637725,0.09691106170857879,0.093286045,0.0922384730151762,0.09435806,0.23025975497590778
2024-03-26,0.0953447995189876,0.0931816734217541,0.0977816747471773,0.09363421931637725,0.09745343924998819,0.093416736,0.09259521579800425,0.09435806,0.23026314071217793
2024-03-27,0.0949803025972436,0.0921781623593291,0.09689197210965053,0.09363421931637725,0.09676325218303207,0.093416736,0.09164717028733854,0.09435806,0.23026646532042314
2024-03-28,0.0954407050551158,0.0953447995189876,0.10034775886844453,0.09413612898094878,0.09859490473550353,0.093286045,0.09578672061299953,0.09435806,0.2302697299051433
2024-04-01,0.0945897425865939,0.0949803025972436,0.09566646645074611,0.09366382303284149,0.09668993839109678,0.09297384,0.09188668067397526,0.09435806,0.23027293555085074
2024-04-02,0.094375468200661,0.0954407050551158,0.09691385039703439,0.09419936590311413,0.09705106185837499,0.09368158,0.09333348345085232,0.09435806,0.23027608332243307
2024-04-03,0.0978683214358019,0.0945897425865939,0.0962961054982622,0.09366382303284149,0.09622628198972977,0.09368158,0.09277480367381963,0.09435806,0.23027917426550928
2024-04-04,0.1024999276160617,0.094375468200661,0.09668162492457687,0.09366382303284149,0.09632721996364914,0.09368158,0.0929865209533953,0.09435806,0.23028220940677938
2024-04-05,0.0972227146894075,0.0978683214358019,0.09951491470002087,0.09583503491228598,0.09882685818706004,0.09629729,0.09625626680316748,0.09628087,0.2302851897543678
2024-04-08,0.0942849471244528,0.1024999276160617,0.10465689419105996,0.10141230842449399,0.1022272704026492,0.10427575,0.10290003499107105,0.1026119,0.23028811629816048
2024-04-09,0.1015019904848857,0.0972227146894075,0.10002295231524912,0.0951675592959032,0.09830857608928772,0.09822521,0.09743051764133435,0.09628087,0.23029099001013556
2024-04-10,0.0979759221248344,0.0942849471244528,0.09761602368482425,0.09366382303284149,0.0960900940024267,0.09513888,0.09471172585376782,0.09435806,0.23029381184468828
2024-04-11,0.1095079968256736,0.1015019904848857,0.10395619189585566,0.10045153957508625,0.10162713638312679,0.1035618,0.10179157199931647,0.1026119,0.23029658273895012
2024-04-12,0.11743066039367,0.0979759221248344,0.10205200002536427,0.09651922059496436,0.09947945646315542,0.09714019,0.0990978392419099,0.09628087,0.23029930361310164
2024-04-15,0.1154327234794042,0.1095079968256736,0.1108806355538965,0.11313119793280475,0.1075788614479782,0.1155021,0.11034768822578786,0.11172082,0.23030197537067992
2024-04-16,0.1143015957524375,0.11743066039367,0.11680356844316946,0.11433558288765537,0.11506695875767088,0.119962975,0.11720120176538491,0.11437908,0.23030459889888058
2024-04-17,0.1116918000667359,0.1154327234794042,0.11673297321125588,0.11360103062662748,0.11290183923369881,0.11541283,0.11649363327416065,0.11275533,0.2303071750688537
2024-04-18,0.107208281924566,0.1143015957524375,0.11486748954344715,0.11360103062662748,0.11133824373977198,0.116452955,0.1145991089067306,0.11275533,0.23030970473599516
2024-04-19,0.1128972697768827,0.1116918000667359,0.1148769234188411,0.11303729861272242,0.10995856093547987,0.11403287,0.11365986801640754,0.11172082,0.23031218874023182
2024-04-22,0.1227373888028217,0.107208281924566,0.11323070481773756,0.10409792309336373,0.10799063478857916,0.10604709,0.11094157491598491,0.104012914,0.23031462790630222
2024-04-23,0.1226827844961466,0.1128972697768827,0.11850278363963364,0.1133709024809406,0.11215796309481013,0.11315964,0.11765237777574744,0.11172082,0.23031702304403173
2024-04-24,0.1229732788717914,0.1227373888028217,0.12583996562400612,0.12197348587434288,0.12198764250133749,0.12509726,0.12626049920991814,0.12243553,0.23031937494860288
2024-04-25,0.1240875559559657,0.1226827844961466,0.1255156602688044,0.12190525336826873,0.12178503535207078,0.12509726,0.1261851998515149,0.12243553,0.23032168440082057
2024-04-26,0.1252025823462033,0.1229732788717914,0.12389611980612622,0.12331882832383549,0.12181254727658636,0.1225389,0.12431939517238319,0.12560974,0.2303239521673729
2024-04-29,0.1352729472537856,0.1240875559559657,0.12550964425629038,0.12590941230299899,0.1229473283265064,0.12509215,0.125661817704249,0.12644467,0.23032617900108662
2024-04-30,0.1343928371541194,0.1252025823462033,0.1286433276614043,0.1260157100635415,0.12455018839656254,0.1255532,0.12853502523084073,0.12644467,0.23032836564117853
2024-05-01,0.1394831408466007,0.1352729472537856,0.13704017569790897,0.133373622931238,0.1321454953080222,0.13218476,0.13820882429462955,0.13279022,0.2303305128135019
2024-05-02,0.1411845068531561,0.1343928371541194,0.1365610057425013,0.133373622931238,0.13174074164565164,0.13218476,0.13776564430186297,0.13279022,0.2303326212307886
2024-05-03,0.1410731303314398,0.1394831408466007,0.14115467469279977,0.13674968881384372,0.13507467909904622,0.13955414,0.14313272672269173,0.13817704,0.23033469159288666
2024-05-06,0.1411211644434641,0.1411845068531561,0.14222613574531195,0.1371908506929164,0.1365861269234544,0.13886073,0.1440188918614448,0.13817704,0.23033672458699386
2024-05-07,0.1410457648924488,0.1410731303314398,0.14383236778066752,0.1370564922438662,0.13700987555149519,0.13677631,0.14479735142213035,0.13817704,0.2303387208878866
2024-05-08,0.1377017754571806,0.1411211644434641,0.1438057229911567,0.1370564922438662,0.13704034712823077,0.13677631,0.14484657333065382,0.13817704,0.23034068115814488
2024-05-09,0.135405296462846,0.1410457648924488,0.14452037626751618,0.1370564922438662,0.13738682327843468,0.13677631,0.14525163667056,0.13817704,0.2303426060483734
2024-05-10,0.1252613870984036,0.1377017754571806,0.14219423674088585,0.13714800900154722,0.13508733178248244,0.13624875,0.14261321975385177,0.13817704,0.23034449619741806
2024-05-13,0.1156391208405064,0.135405296462846,0.13974056479408842,0.13304780771390545,0.13350528996186978,0.13111272,0.13951323876428284,0.13279022,0.23034635223257915
2024-05-14,0.1204027017804162,0.1252613870984036,0.1303968980501702,0.12488751982343797,0.12671389066655467,0.12178815,0.12839917647787133,0.12624118,0.23034817476982014
2024-05-15,0.1177325307995485,0.1156391208405064,0.12259109337957848,0.11264416158125469,0.11774593686705222,0.10853353,0.11897692996138393,0.112551846,0.23034996441397312
2024-05-16,0.116604719393967,0.1204027017804162,0.12550618116847562,0.1188917920886787,0.12222303148083925,0.11685392,0.12275383286018911,0.11985308,0.23035172175894011
2024-05-17,0.109056922149604,0.1177325307995485,0.12280628413472894,0.11320988087347428,0.11933971978915489,0.11121394,0.11947928535988023,0.114175595,0.2303534473878911
2024-05-20,0.1069211452087031,0.116604719393967,0.1199004857373537,0.11298233613851269,0.11740218141720468,0.11157977,0.11697240852962462,0.114175595,0.23035514187345818
2024-05-21,0.1036127506316575,0.109056922149604,0.11139694349755641,0.11147193402507401,0.10989859742008891,0.10841621,0.10811152269913707,0.11151734,0.23035680577792636
2024-05-22,0.1084714977346329,0.1069211452087031,0.11026348231868952,0.10243725573674983,0.10840288658765773,0.10168719,0.10589605439376047,0.10380943,0.23035843965342065
2024-05-23,0.1075600761589074,0.1036127506316575,0.10719476780766092,0.10158935514557463,0.10562872416091916,0.10015662,0.10275745803435851,0.10240842,0.2303600440420901
2024-05-24,0.1045744693912374,0.1084714977346329,0.11110074243728067,0.10922028165556656,0.10930354875430864,0.10671341,0.10767893752801172,0.11056913,0.2303616194762884
2024-05-28,0.108903519645491,0.1075600761589074,0.10937718370330145,0.10470197679273688,0.10670792320485514,0.10496165,0.10627049760747108,0.10535783,0.23036316647875082
2024-05-29,0.0938478135968917,0.1045744693912374,0.10706374645706947,0.10166219309074054,0.10423886296540535,0.100205705,0.10391454237511741,0.1026119,0.23036468556276854
2024-05-30,0.0949920594103505,0.108903519645491,0.10920103338471321,0.11149224726184392,0.10745820303996116,0.1087643,0.10692607386389544,0.11172082,0.23036617723235936
2024-05-31,0.0918290131006723,0.0938478135968917,0.09804594111354809,0.09363421931637725,0.09711917616587243,0.092569254,0.09335936856983207,0.09435806,0.23036764198243553
2024-06-03,0.0839858548698955,0.0949920594103505,0.09866609225888512,0.09363421931637725,0.09789065428509548,0.091820665,0.09406478669611476,0.09435806,0.23036908029896846
2024-06-04,0.0861412455544977,0.0918290131006723,0.09586213754540568,0.09363421931637725,0.09555808003971321,0.09195618,0.0914529908274952,0.09435806,0.23037049265915055
2024-06-05,0.0863167459194136,0.0839858548698955,0.09047064868311987,0.08703440076074122,0.09065444848831442,0.089067206,0.08504748272600289,0.08803746,0.2303718795315538
2024-06-06,0.0867211991407686,0.0861412455544977,0.08925582355856446,0.09187757451218918,0.09111964747513931,0.092707865,0.0850861348675525,0.09222496,0.23037324137628595
2024-06-07,0.0855715258913397,0.0863167459194136,0.08932079112502653,0.09187757451218918,0.09134932154512562,0.09284461,0.08493700149995079,0.09222496,0.23037457864514355
2024-06-10,0.0856410282711759,0.0867211991407686,0.08917479384535204,0.09187757451218918,0.09109333304852438,0.09284461,0.08501196286481695,0.09222496,0.23037589178176202
2024-06-11,0.0885678105388435,0.0855715258913397,0.08684731699844574,0.09111374600249318,0.08938768836976696,0.08949035,0.08294242427623814,0.09222496,0.23037718122176362
2024-06-12,0.0880103904734407,0.0856410282711759,0.08748010014559461,0.09111374600249318,0.08983731662124282,0.09243509,0.08351901590844693,0.09222496,0.23037844739290217
2024-06-13,0.0791488529269356,0.0885678105388435,0.09132774731614446,0.09191948687725388,0.09151508959293975,0.093646914,0.08827276277893856,0.09222496,0.2303796907152053
2024-06-14,0.0815629872785456,0.0880103904734407,0.0906866680230871,0.09187757451218918,0.09095003736382642,0.093646914,0.08747594937732904,0.09222496,0.23038091160111437
2024-06-17,0.0816192629269661,0.0791488529269356,0.08345906798931294,0.07965568816403468,0.0836989712532014,0.08297904,0.07893814716875255,0.0809005,0.23038211045562146
2024-06-18,0.0830264919389591,0.0815629872785456,0.08603590519263994,0.08378707998476355,0.08587883362442272,0.08570315,0.08226902631013366,0.08474531,0.2303832876764041
2024-06-20,0.0835162460728574,0.0816192629269661,0.08686437983700589,0.08374713829909015,0.08615212101501633,0.08514366,0.08295572535161036,0.08474531,0.23038444365395747
2024-06-21,0.0837621561636159,0.0830264919389591,0.0879789433703717,0.0840560100016267,0.08699609459848033,0.08474142,0.0842031872076477,0.08474531,0.23038557877172455
2024-06-24,0.0780007611519908,0.0835162460728574,0.08659778460217825,0.08763215929457346,0.08638282543479323,0.08615021,0.08345797529991618,0.08803746,0.23038669340622334
2024-06-25,0.0760621003995748,0.0837621561636159,0.08719780370328929,0.08699445907506782,0.08704599202847003,0.087012775,0.08396642375354013,0.08803746,0.23038778792717202
2024-06-26,0.0759951145968815,0.0780007611519908,0.0824941223226267,0.07708741838572139,0.08185691836597526,0.07827347,0.0781241897796585,0.07948552,0.23038886269761213
2024-06-27,0.0722313050367635,0.0760621003995748,0.08111970647703896,0.07496417553973464,0.080500534652007,0.07678419,0.0763348394475628,0.077985965,0.23038991807402912
2024-06-28,0.0654157713312779,0.0759951145968815,0.08103282202071713,0.07496417553973464,0.08053101772933695,0.07731572,0.07621442077152123,0.077985965,0.23039095440647073
2024-07-01,0.0627419807857579,0.0722313050367635,0.07918361252883788,0.07181960891758599,0.07719422932288977,0.072921716,0.07429408326707014,0.07353022,0.23039197203866368
2024-07-02,0.0630907779583135,0.0654157713312779,0.07213020371494865,0.07049224085637931,0.07227945270912839,0.06725221,0.06672864631650945,0.06970792,0.23039297130812766
2024-07-03,0.0640839550350009,0.0627419807857579,0.06963647302036038,0.06972338516909143,0.07043868350597639,0.067340925,0.06414419587262482,0.06970792,0.2303939525462876
2024-07-05,0.0543871200034227,0.0630907779583135,0.07012956191192343,0.06972338516909143,0.07067559613336358,0.067340925,0.06469166997994319,0.06970792,0.23039491607858387
2024-07-08,0.0540414714313206,0.0640839550350009,0.07002573138872784,0.06982761615109757,0.07068795428149219,0.06682083,0.06475161214633028,0.06970792,0.23039586222458042
2024-07-09,0.0590929807037854,0.0543871200034227,0.060557854773945693,0.05490383292007991,0.06427571376477863,0.057397217,0.05397544632324136,0.05830239,0.23039679129807095
2024-07-10,0.070587740573127,0.0540414714313206,0.06007392075359102,0.05490383292007991,0.06362307872703218,0.056663066,0.05376758349119793,0.05830239,0.23039770360718317
2024-07-11,0.0721539394009431,0.0590929807037854,0.06448741204258436,0.056708552463832475,0.06672749580926271,0.062267236,0.05880797004040769,0.06397607,0.23039859945448146
2024-07-12,0.0688143769464879,0.070587740573127,0.07417302170492623,0.07172398217234993,0.0740756704887303,0.071983844,0.07017916722378159,0.07353022,0.23039947913706693
2024-07-15,0.0702101125683211,0.0721539394009431,0.07353093058306948,0.07189376294069612,0.07426673757822033,0.071418986,0.07015572995867,0.07353022,0.23040034294667655
2024-07-16,0.0898848082116721,0.0688143769464879,0.0711860008894031,0.07163755481113387,0.0725026341492637,0.07153965,0.06787834955595587,0.07294036,0.23040119116977997
2024-07-17,0.0918392265535679,0.0702101125683211,0.07394891034775346,0.07172398217234993,0.07321603962526042,0.07131178,0.0706816499252057,0.07353022,0.23040202408767452
2024-07-18,0.0949156992065777,0.0898848082116721,0.09249310385899198,0.09570568637321918,0.09023023604663095,0.09599813,0.09191722778295834,0.09435806,0.230402841976579
2024-07-19,0.1003787821751039,0.0918392265535679,0.09436863922530496,0.09606877437558509,0.09177301598644629,0.09599813,0.09383614215521065,0.09435806,0.2304036451077251
2024-07-22,0.1004436566118388,0.0949156992065777,0.0967870620285404,0.09617394492312886,0.09369035136070131,0.09557737,0.09694361295332905,0.09435806,0.23040443374744782
2024-07-23,0.1293930803256301,0.1003787821751039,0.10159013427500486,0.10127392961627209,0.09769929212506225,0.102275945,0.10248878871117487,0.100580074,0.2304052081572737
2024-07-24,0.1296944118779194,0.1004436566118388,0.10549077804240634,0.10117519556338005,0.09969620864207111,0.10171627,0.10535026121023054,0.100580074,0.23040596859400775
2024-07-25,0.1358158436248605,0.1293930803256301,0.1292209679459023,0.13493288659230898,0.12707537565319932,0.13789904,0.13341929685231166,0.12976433,0.2304067153098189
2024-07-26,0.1357059753976471,0.1296944118779194,0.13009794363075985,0.13493288659230898,0.12741660991055787,0.13757244,0.13413233868169377,0.12976433,0.23040744855232362
2024-07-29,0.1361635283886668,0.1358158436248605,0.13653478406372524,0.1337485788118174,0.13239077630673268,0.13881882,0.1408491871052729,0.13279022,0.2304081685646681
2024-07-30,0.1473541692217477,0.1357059753976471,0.13651519289789796,0.1337485788118174,0.13245538296431283,0.13881882,0.140811273187727,0.13279022,0.2304088755856091
2024-07-31,0.1539373911445935,0.1361635283886668,0.1420176155386681,0.13370844079036218,0.1339127550467408,0.13705699,0.1443421440305158,0.13279022,0.2304095698495934
2024-08-01,0.1651258588031968,0.1473541692217477,0.15127914137869852,0.14979451754785156,0.1435386930667357,0.15083449,0.1555068368092704,0.1467565,0.23041025158683534
2024-08-02,0.1888345979328861,0.1539373911445935,0.15778878624722315,0.1586939396519409,0.15068005744594345,0.15776789,0.1627655143139025,0.15700859,0.23041092102339347
2024-08-05,0.193219993459036,0.1651258588031968,0.16657776711170436,0.17122564601933316,0.16057922543828776,0.16839385,0.17305817557963651,0.16631602,0.23041157838124565
2024-08-06,0.1930972386991442,0.1888345979328861,0.18659668987616443,0.1858750000430934,0.18282290712462634,0.1896835,0.19621679763327018,0.18528275,0.2304122238783626
2024-08-07,0.2088650872662323,0.193219993459036,0.1906644561655385,0.18962925520644214,0.18817768199041587,0.19441536,0.1993768641710981,0.19262867,0.23041285772878037
2024-08-08,0.2090498429517069,0.1930972386991442,0.1917446702575638,0.18962925520644214,0.18799042519103706,0.19514751,0.20009977620819985,0.19262867,0.2304134801426715
2024-08-09,0.2070966080286486,0.2088650872662323,0.20625172616392368,0.21284077701997794,0.20367636880853598,0.21502486,0.21662687741218456,0.21405202,0.23041409132641463
2024-08-12,0.2164068123519972,0.2090498429517069,0.21140579334195392,0.21284077701997794,0.20739827855311752,0.21974947,0.22095227508278756,0.21405202,0.23041469148266308
2024-08-13,0.2153944130931215,0.2070966080286486,0.21083488674310333,0.21237394620632968,0.20702772900335878,0.2209131,0.22011386679902598,0.21405202,0.23041528081041224
2024-08-14,0.2199160033341421,0.2164068123519972,0.2176720459529839,0.21429942093199775,0.21371416542789604,0.220241,0.2272197447265107,0.21303312,0.23041585950506552
2024-08-15,0.2184036801477072,0.2153944130931215,0.2189693139281351,0.21359641540411586,0.21492087237526708,0.21813047,0.2272546709960106,0.21303312,0.23041642775849921
2024-08-16,0.2192417739651847,0.2199160033341421,0.22190383725410526,0.21558815761241001,0.21781255335404953,0.21988232,0.2301756154884253,0.2149906,0.2304169857591263
2024-08-19,0.2167101424022266,0.2184036801477072,0.21852318314825184,0.21440994508408523,0.21627303873410406,0.2185229,0.22575515421206244,0.21444294,0.23041753369195891
2024-08-20,0.2168452771052195,0.2192417739651847,0.22068569069172153,0.21440994508408523,0.21790394938408283,0.21828097,0.22735658147881332,0.21444294,0.23041807173866974
2024-08-21,0.202054066553594,0.2167101424022266,0.21838924798805912,0.21429250905445613,0.21578387006680239,0.21711683,0.22489339540354156,0.21279009,0.2304186000776524
2024-08-22,0.2030323469258834,0.2168452771052195,0.21724352530413754,0.21417696598715835,0.21693526661113527,0.21516272,0.2226396270208086,0.21279009,0.2304191188840806
2024-08-23,0.2008007066955979,0.202054066553594,0.204708005299246,0.20781445192004974,0.2048772707927188,0.20797662,0.2086200922361612,0.20562494,0.23041962832996632
2024-08-26,0.2007786674755968,0.2030323469258834,0.2055787313305988,0.20936082700279138,0.20584196438700847,0.20726122,0.20959241460713893,0.20562494,0.2304201285842169
2024-08-27,0.2010991561958878,0.2008007066955979,0.20257806919185298,0.20758367503394,0.2036128038414858,0.20368978,0.20600574300156474,0.20528486,0.230420619812691
2024-08-28,0.1938584091298679,0.2007786674755968,0.2026384646032698,0.20758367503394,0.203625293025645,0.20321931,0.2060797424097336,0.20528486,0.23042110217825396
2024-08-29,0.1882256099426267,0.2010991561958878,0.19899453838742043,0.20758367503394,0.20233901057266768,0.2029957,0.20279005925050758,0.20504738,0.23042157584083134
2024-08-30,0.1910859196713979,0.1938584091298679,0.19307425849484625,0.1889715919034523,0.1958580396207021,0.18702076,0.19494228733516356,0.19095302,0.2304220409574626
2024-09-03,0.1547210122523268,0.1882256099426267,0.18745149228579402,0.1842311618166554,0.1907295275323292,0.18126279,0.1884723535972332,0.183771,0.23042249768235268
2024-09-04,0.1541012804309902,0.1910859196713979,0.18902305561662155,0.18533708208670485,0.19292206828331487,0.18211077,0.19016680083138948,0.183771,0.23042294616692346
2024-09-05,0.165465130904346,0.1547210122523268,0.15894061248175478,0.15393209244607006,0.16101664987584804,0.15142888,0.15502036598242805,0.15675348,0.23042338655986405
2024-09-06,0.1511740860944065,0.1541012804309902,0.15788506062074537,0.15399018861282474,0.1597857701597466,0.15075324,0.15476565721577723,0.1568051,0.23042381900717995
2024-09-09,0.1511607373364554,0.165465130904346,0.16534946090105154,0.1670298125064319,0.17027101557467378,0.16339344,0.16410988363195397,0.16611253,0.23042424365224165
2024-09-10,0.1541528287537063,0.1511740860944065,0.15432598771986744,0.14834111751880807,0.15641069579945674,0.14561957,0.15055932625574517,0.15099087,0.23042466063583217
2024-09-11,0.1470690330747489,0.1511607373364554,0.14663790278382646,0.14920408550257272,0.15174852996075974,0.14358668,0.14437795945797496,0.15099087,0.2304250700961936
2024-09-12,0.1475367861120376,0.1541528287537063,0.14857629489317264,0.15470011304775325,0.15463856827325284,0.1478491,0.1468465715919927,0.1568051,0.23042547216907333
2024-09-13,0.1364767328635355,0.1470690330747489,0.14569057109681127,0.14644491419308545,0.14801314974514398,0.14319085,0.14266392776749298,0.14655301,0.23042586698776885
2024-09-16,0.1363864820181759,0.1475367861120376,0.14322506722251688,0.1481619792735898,0.14618892330084998,0.14336443,0.1410591442535995,0.14655301,0.2304262546831719
2024-09-17,0.1330896013251316,0.1364767328635355,0.13397669554279482,0.1310372252531287,0.13628716594691323,0.13046375,0.12972651573397684,0.13258673,0.23042663538381214
2024-09-18,0.1449460445824154,0.1363864820181759,0.13695248678904196,0.13192446283153836,0.13724965155646388,0.13257137,0.13404712915339603,0.13258673,0.23042700921589965
2024-09-19,0.1449738847826343,0.1330896013251316,0.13286794887009065,0.13165961050328756,0.13380395274452822,0.13056923,0.13001071175350756,0.13258673,0.23042737630336685
2024-09-20,0.1415719001188439,0.1449460445824154,0.14196816327577283,0.14820427358023153,0.14265437223984212,0.14428483,0.14064545817491275,0.14655301,0.23042773676790954
2024-09-23,0.1376651211170612,0.1449738847826343,0.14118626841848178,0.14836407898291312,0.1399570137751032,0.14103562,0.1408806843906764,0.14655301,0.23042809072902745
2024-09-24,0.1376125002763767,0.1415719001188439,0.13832533410479514,0.13704961323329856,0.13648082634993686,0.13237168,0.13696288372193033,0.13797355,0.23042843830406365
2024-09-25,0.1380090512400449,0.1376651211170612,0.13429107081431352,0.1362397205012569,0.13312840139281504,0.13387637,0.1327127546727475,0.13797355,0.23042877960824373
2024-09-26,0.1360845924449517,0.1376125002763767,0.13725404908894406,0.13616899090142667,0.13577068803288328,0.13636957,0.1355547679476421,0.13797355,0.2304291147547138
2024-09-27,0.1363360540412835,0.1380090512400449,0.13754244656123993,0.1356022121677622,0.13612684724076435,0.13636957,0.13582250580279548,0.13797355,0.23042944385457823
2024-09-30,0.1376137844138397,0.1360845924449517,0.13626518300015403,0.1319990232380394,0.13371210852811216,0.12825587,0.13462698221899716,0.13258673,0.23042976701693627
2024-10-01,0.1136729350843776,0.1363360540412835,0.13587105380158382,0.1320545044165517,0.1327950915618729,0.12853952,0.13446125663361783,0.13258673,0.23043008434891848
2024-10-02,0.1135875430386511,0.1376137844138397,0.1370197055667555,0.13664403027258745,0.13340105106850966,0.13718745,0.13623938094137977,0.13817704,0.23043039595572223
2024-10-03,0.1154198009033593,0.1136729350843776,0.11803755965932962,0.11261853015705704,0.11598036926861299,0.108097196,0.11360491351449277,0.112551846,0.2304307019406464
2024-10-04,0.1013418728504975,0.1135875430386511,0.11757967775241247,0.11261853015705704,0.11527172970732592,0.108097196,0.11321160049432483,0.112551846,0.2304310024051259
2024-10-07,0.0996568442139915,0.1154198009033593,0.11891612652368107,0.11264416158125469,0.11677620119037727,0.108097196,0.11467620957908536,0.112551846,0.23043129744876512
2024-10-08,0.1006669001215043,0.1013418728504975,0.10842397837680949,0.10003554061937654,0.10651618609994472,0.097769246,0.1025800768490428,0.10240842,0.23043158716937118
2024-10-09,0.0976770302784191,0.0996568442139915,0.10193277026620413,0.09922857141095254,0.10195603401286474,0.097686335,0.0969143666832811,0.10037659,0.230431871662986
2024-10-10,0.0960218881931149,0.1006669001215043,0.10260019033303552,0.09930467782983964,0.10263205899189169,0.097686335,0.0976091470541459,0.10037659,0.2304321510239187
2024-10-11,0.0978337997985257,0.0976770302784191,0.10094083435645715,0.09519968428257275,0.1011177747440762,0.09451797,0.09554826003655334,0.09607739,0.23043242534477637
2024-10-14,0.1035681913580341,0.0960218881931149,0.09653834335587541,0.09503209972805278,0.0982677851829402,0.092964284,0.09155644620754616,0.09607739,0.23043269471649516
2024-10-15,0.1039123534180271,0.0978337997985257,0.09802968367363915,0.09546457725979793,0.09970746051580888,0.09407508,0.09336889179927112,0.09607739,0.23043295922837015
2024-10-16,0.1026971177769963,0.1035681913580341,0.10458409662565024,0.10167567800472833,0.1032816141920695,0.100021295,0.10159966449245084,0.1026119,0.2304332189680852
2024-10-17,0.087438795402098,0.1039123534180271,0.1043679173396588,0.10177747847654874,0.10337700752977554,0.10113743,0.10161083285931415,0.1026119,0.23043347402174189
2024-10-18,0.0874019976416648,0.1026971177769963,0.10241468215432736,0.10141897215188654,0.10225778834353483,0.10099933,0.0994312872084165,0.1026119,0.23043372447388816
2024-10-21,0.0874968499958622,0.087438795402098,0.09117346800981031,0.09187757451218918,0.09227805770840064,0.0927473,0.08696163540733878,0.09222496,0.23043397040754626
2024-10-22,0.0941787795971369,0.0874019976416648,0.09261610900808018,0.09187757451218918,0.09246520947316515,0.09158166,0.08821280455760756,0.09222496,0.23043421190424046
2024-10-23,0.0937792533725414,0.0874968499958622,0.09285645973340884,0.09187757451218918,0.09245094276572834,0.09158166,0.08844338563648257,0.09222496,0.23043444904402388
2024-10-24,0.0931146295710935,0.0941787795971369,0.09830653842802048,0.09363421931637725,0.0968558265428646,0.09314426,0.09462063831944202,0.09435806,0.23043468190550512
2024-10-25,0.0932079781496867,0.0937792533725414,0.09481800201848004,0.09366382303284149,0.09502319060475085,0.09416069,0.09183654357069085,0.09435806,0.23043491056587442
2024-10-28,0.0925321037979305,0.0931146295710935,0.09421782216584795,0.09366382303284149,0.09458231812419712,0.09416069,0.09114728978244477,0.09435806,0.2304351351009291
2024-10-29,0.0868152245935242,0.0932079781496867,0.09391925273093822,0.09366382303284149,0.09462880068607074,0.09416069,0.09063296050838171,0.09435806,0.23043535558509892
2024-10-30,0.1127345637693746,0.0925321037979305,0.09471322239784605,0.09366382303284149,0.09526904130634208,0.09416069,0.09108996750301512,0.09435806,0.2304355720914704
2024-10-31,0.1134516947784661,0.0868152245935242,0.09095912068651865,0.09187757451218918,0.09140787813040419,0.09351763,0.08717072805007359,0.09222496,0.2304357846918115
2024-11-01,0.1090846265926545,0.1127345637693746,0.11320524246894043,0.11354494814360201,0.10962405791594784,0.11582531,0.11339491367269283,0.11172082,0.23043599345659513
2024-11-04,0.1120439374975128,0.1134516947784661,0.1137450743896727,0.1137726116462804,0.1100183327397625,0.116717525,0.11399174668025294,0.11275533,0.23043619845502253
2024-11-05,0.1364485508523341,0.1090846265926545,0.11056060051809631,0.11253465226758363,0.10687606172956773,0.11365399,0.11054527519871063,0.11172082,0.2304363997550464
2024-11-06,0.1368777875546424,0.1120439374975128,0.11139793845035187,0.11332086505814276,0.1087384656551631,0.113595344,0.11163696397150777,0.11172082,0.23043659742339326
2024-11-07,0.1366767832992123,0.1364485508523341,0.1370232478355555,0.13354121027042806,0.1320327802097667,0.13537124,0.13949120206602875,0.13279022,0.2304367915255856
2024-11-08,0.1358455216500333,0.1368777875546424,0.1376945432859924,0.13575115488643574,0.13217421193958284,0.13965718,0.1404325639877576,0.13817704,0.23043698212596375
2024-11-11,0.1345503470165094,0.1366767832992123,0.13665749156558388,0.13527728972060202,0.1322286808623684,0.14016962,0.13959421560196814,0.13817704,0.23043716928770708
2024-11-12,0.1307180478856356,0.1358455216500333,0.13657652537399428,0.13348572909191578,0.13161244480547574,0.13537124,0.13910965976465858,0.13279022,0.2304373530728549
2024-11-13,0.1329952954871451,0.1345503470165094,0.14086940202188583,0.1332137601063969,0.13309803520927846,0.13405555,0.14238910983192102,0.13279022,0.23043753354232724
2024-11-14,0.1413270799940712,0.1307180478856356,0.13604614658462624,0.1327688147990764,0.1300754679230299,0.12788743,0.13611881677577226,0.12976433,0.23043771075594477
2024-11-15,0.1414091391775802,0.1329952954871451,0.137880310607717,0.1331750698689452,0.13158584444757596,0.13152081,0.13821419272319593,0.13279022,0.23043788477244898
2024-11-18,0.1416859503918245,0.1413270799940712,0.14547435249057267,0.1379932611809872,0.13755255786556156,0.13682848,0.14710144359296337,0.13817704,0.23043805564952133
2024-11-19,0.1416350297290479,0.1414091391775802,0.14506816338822343,0.1380580623757684,0.13737804943482843,0.13677631,0.14664322719434314,0.13817704,0.23043822344380263
2024-11-20,0.1379124624329315,0.1416859503918245,0.14283379010105302,0.13819162262224446,0.13720465494609357,0.13545476,0.14364712670730115,0.13797355,0.23043838821091164
2024-11-21,0.1380259938401466,0.1416350297290479,0.14298070169371177,0.13731228329591186,0.1372872753674498,0.13545476,0.14356250589374342,0.13797355,0.2304385500054636
2024-11-22,0.1380643223067413,0.1379124624329315,0.14171996633650888,0.13629686802427263,0.13556608128102968,0.13314919,0.1416051852899843,0.13797355,0.23043870888108828
2024-11-25,0.1385667620934287,0.1380259938401466,0.14191358445158708,0.13573008929060815,0.13580297506266722,0.13314919,0.14181856949195273,0.13797355,0.23043886489044796
2024-11-26,0.1394925752705149,0.1380643223067413,0.14208757051903048,0.13577748825219238,0.13580877850187667,0.13348174,0.14204044696602175,0.13797355,0.23043901808525452
2024-11-27,0.1394805869736587,0.1385667620934287,0.14277556677996162,0.13655103566085686,0.13621873586049593,0.13624875,0.1430294540656171,0.13817704,0.23043916851628699
2024-11-29,0.1152796627331894,0.1394925752705149,0.14282057621772268,0.13718275452334722,0.1360177581277899,0.13744201,0.14331301735132318,0.13817704,0.2304393162334081
2024-12-02,0.1154501906369185,0.1394805869736587,0.14123496107460343,0.13573008929060815,0.1356216432369026,0.13279593,0.14093027132066072,0.13797355,0.230439461285581
2024-12-03,0.114676222867471,0.1152796627331894,0.12126653794189914,0.11264416158125469,0.11764512095937783,0.10853353,0.11752919906935677,0.112551846,0.23043960372088532
2024-12-04,0.1109378541966069,0.1154501906369185,0.1216707827420551,0.11264416158125469,0.11792293189805259,0.10853353,0.11796221117409647,0.112551846,0.23043974358653319
2024-12-05,0.076292421152098,0.114676222867471,0.12111521682975367,0.11264416158125469,0.11674513070953944,0.10853353,0.11726140571228041,0.112551846,0.2304398809288851
2024-12-06,0.0757727474732252,0.1109378541966069,0.11730358596132798,0.11223822154546419,0.11397545431172872,0.10751415,0.11303717783804329,0.11151734,0.23044001579346482
2024-12-09,0.0756964857841367,0.076292421152098,0.08356757526522898,0.075183879837714,0.0860517732689672,0.07812317,0.0753779825469629,0.07778248,0.23044014822497488
2024-12-10,0.0798516700273848,0.0757727474732252,0.08318120767728165,0.07404861410114169,0.08562297049953713,0.07812317,0.07489254352072491,0.07778248,0.23044027826731125
2024-12-11,0.0813856945319191,0.0756964857841367,0.08295282575372145,0.07284026783983466,0.08534110400199889,0.07812317,0.07461738451211285,0.07778248,0.23044040596357793
2024-12-12,0.081431162819706,0.0798516700273848,0.08556909374710928,0.08200689000853931,0.08819010695276049,0.08251305,0.0782220219562698,0.08345353,0.23044053135610118
2024-12-13,0.0782072223085249,0.0813856945319191,0.07959756413826986,0.08379807361427531,0.08555251950733153,0.08012423,0.07386896988941294,0.08454183,0.2304406544864436
2024-12-16,0.0628931395433227,0.081431162819706,0.0810603522128728,0.08379807361427531,0.08504451842561149,0.0810239,0.0762444357109465,0.08474531,0.23044077539541793
2024-12-17,0.1259215319691385,0.0782072223085249,0.07804179650859547,0.07747139584562864,0.08202723396507773,0.0768744,0.07247533101466264,0.07948552,0.23044089412310054
2024-12-18,0.1251604913799242,0.0628931395433227,0.06635760549853363,0.06982449102208518,0.07173156639281074,0.06757884,0.05900752778669776,0.06970792,0.23044101070884465
2024-12-19,0.1322063636084078,0.1259215319691385,0.11886248674471175,0.12810770364446472,0.12288904011172987,0.1328503,0.120611034704054,0.12785941,0.23044112519129356
2024-12-20,0.1325253158048438,0.1251604913799242,0.12057701330858019,0.1291074111170155,0.1223447779078347,0.13390219,0.12364540222358009,0.12644467,0.2304412376083934
2024-12-23,0.1374599748936913,0.1322063636084078,0.1258796030160801,0.135475352057179,0.12820827444911848,0.14105533,0.1301576556330071,0.13279022,0.2304413479974055
2024-12-24,0.1370989510726423,0.1325253158048438,0.12287639343049327,0.135475352057179,0.12932721986278184,0.1419026,0.12793522793298012,0.13279022,0.23044145639491906
2024-12-26,0.1410670504766403,0.1374599748936913,0.14010617058271904,0.1365814359786636,0.13304345919329746,0.1414693,0.14249487730833857,0.13817704,0.230441562836863
2024-12-27,0.1460798205299644,0.1370989510726423,0.13952302355644625,0.13636787490543906,0.13273923246605587,0.14050996,0.14182184634407677,0.13817704,0.2304416673585182
2024-12-30,0.1442012666236175,0.1410670504766403,0.14425560686257324,0.13705425951463962,0.13686532205131274,0.14199686,0.14660446190449372,0.13817704,0.23044176999452887
