Date,SPY_Return,Dynamic_VaR_5,Rolling_Historical_VaR_5,Dynamic_Violation,Benchmark_Violation
2023-02-09,-0.0087071259779566,-0.016922595470910243,-0.017383873444121824,0,0
2023-02-10,0.0023309719794524,-0.017444786199510377,-0.01692187582657304,0,0
2023-02-13,0.0116708282039641,-0.01694034935631641,-0.017301628776684248,0,0
2023-02-14,-0.0004603081847604,-0.017137197293578058,-0.017303581970648414,0,0
2023-02-15,0.0032420164773288,-0.017262692678378162,-0.017260794524213467,0,0
2023-02-16,-0.0138646182078813,-0.017338108773284355,-0.016988158355784797,0,0
2023-02-17,-0.0025012387877315,-0.016950356219862798,-0.016717475301455106,0,0
2023-02-21,-0.0202648594189185,-0.016781951423932143,-0.017396226677974032,1,1
2023-02-22,-0.0013790757781696,-0.017516801511683496,-0.016848903811529564,0,0
2023-02-23,0.0053053603249067,-0.01694470493679981,-0.01696186547096662,0,0
2023-02-24,-0.0107398842518095,-0.017009846090912776,-0.01739707306225861,0,0
2023-02-27,0.0034000769245721,-0.017416254394212564,-0.016933044211626704,0,0
2023-02-28,-0.0037028180027397,-0.01706238625684263,-0.016920001740294448,0,0
2023-03-01,-0.0038433465169775,-0.01695537439242647,-0.016397573357379357,0,0
2023-03-02,0.0077472028288362,-0.01649900717970373,-0.015702818028282342,0,0
2023-03-03,0.0159105882030607,-0.015871180578811064,-0.016340271842146162,0,0
2023-03-06,0.0006924543112189,-0.016429620047714266,-0.015320559011488542,0,0
2023-03-07,-0.0154473763269218,-0.015336635116040184,-0.01579769211063022,1,0
2023-03-08,0.0016306947937551,-0.015787852892196343,-0.01574576875009403,0,0
2023-03-09,-0.0186220269952811,-0.015659451895315795,-0.01595529675269634,1,1
2023-03-10,-0.0145344796930957,-0.015913804598594504,-0.01624938455126323,0,0
2023-03-13,-0.0014264566328019,-0.016034558146626656,-0.016110520738291407,0,0
2023-03-14,0.0163949864420904,-0.016009187629779098,-0.01743104281592612,0,0
2023-03-15,-0.006273969142076,-0.01732748526901923,-0.01671032737649256,0,0
2023-03-16,0.0173929524410372,-0.016767333866968947,-0.018209524557500203,0,0
2023-03-17,-0.0117616720981079,-0.01819794864501712,-0.018426225359891992,0,0
2023-03-20,0.0095698452118523,-0.018491913437925576,-0.018418646899300846,0,0
2023-03-21,0.0130449717091507,-0.0186867693992213,-0.019140628880555677,0,0
2023-03-22,-0.0171933090358296,-0.019217453581757485,-0.018745870911097536,0,0
2023-03-23,0.002699852012199,-0.019119659321443754,-0.018781808863095075,0,0
2023-03-24,0.0065403100400813,-0.019150767040701226,-0.018838277315216735,0,0
2023-03-27,0.0018683372086694,-0.019192733630200957,-0.018442058318022567,0,0
2023-03-28,-0.0022473620022216,-0.018821028377538896,-0.01842066170506559,0,0
2023-03-29,0.0144302776920565,-0.018811876840124496,-0.0190756821096621,0,0
2023-03-30,0.0058381493062683,-0.019311860346255188,-0.019074152647249914,0,0
2023-03-31,0.0139961519555262,-0.019331380345989076,-0.01948944876964262,0,0
2023-04-03,0.0038034423228347,-0.019608627167525358,-0.018753032195277505,0,0
2023-04-04,-0.0055636548742266,-0.018900670387877683,-0.018899485410850125,0,0
2023-04-05,-0.0026215165891062,-0.01916880937415563,-0.01795672648341702,0,0
2023-04-06,0.0038931220591936,-0.018249907463742623,-0.017980980248816118,0,0
2023-04-10,0.0010258302422157,-0.01835445007475619,-0.0163297656634969,0,0
2023-04-11,0.0002686194932803,-0.016601398905956383,-0.015078479542693363,0,0
2023-04-12,-0.0040842956185042,-0.015440014122654925,-0.015214365584582851,0,0
2023-04-13,0.0131952444282039,-0.01526591325346177,-0.014870047334040841,0,0
2023-04-14,-0.0024457159962839,-0.014948163165951,-0.014616988715401938,0,0
2023-04-17,0.0035819111988091,-0.014279918952422099,-0.013572380814755593,0,0
2023-04-18,0.0006519127727765,-0.013146383154648889,-0.01252635877139401,0,0
2023-04-19,-0.0001689877990925,-0.012138752499519236,-0.012307456508001876,0,0
2023-04-20,-0.0054721730288686,-0.011924626246811853,-0.011930884930166695,0,0
2023-04-21,0.0007767384626901,-0.01151605237143474,-0.009641083515101586,0,0
2023-04-24,0.0010427066962894,-0.00932435257946834,-0.009651973396523152,0,0
2023-04-25,-0.0160013479086714,-0.00928349565456941,-0.011522470080466099,1,1
2023-04-26,-0.0042445767723047,-0.01105529750854621,-0.01168421758269973,0,0
2023-04-27,0.0197126345291734,-0.011172352277847384,-0.013406625351474251,0,0
2023-04-28,0.0084988540234388,-0.012491415356431501,-0.012817684450710356,0,0
2023-05-01,-0.0010102349790715,-0.012048843841065087,-0.012754079932009024,0,0
2023-05-02,-0.0113028857174941,-0.012352501350442371,-0.012598594111998596,0,0
2023-05-03,-0.0068876818849896,-0.01226768763197213,-0.01276463481205223,0,0
2023-05-04,-0.0071081969970875,-0.012773710764127373,-0.012861796879374434,0,0
2023-05-05,0.0183434357070068,-0.013083044813168302,-0.0144752543974978,0,0
2023-05-08,0.0002664232115789,-0.014592586697584708,-0.014421533328830151,0,0
2023-05-09,-0.0043948600451316,-0.014391173425395523,-0.014521195098764816,0,0
2023-05-10,0.0046613659238011,-0.014557484914272334,-0.014611238776039651,0,0
2023-05-11,-0.0017454476862206,-0.014469908148428893,-0.014538887672759822,0,0
2023-05-12,-0.0013110687379278,-0.014750670860143665,-0.013731785183927396,0,0
2023-05-15,0.0034439717693915,-0.01401399541309466,-0.013765159650473716,0,0
2023-05-16,-0.0067050265517565,-0.014130438597278942,-0.013903979021647144,0,0
2023-05-17,0.0120659645072622,-0.014306021333289605,-0.014609426767527876,0,0
2023-05-18,0.009587083176711,-0.014956276508382235,-0.014998093770174371,0,0
2023-05-19,-0.0014562570460632,-0.01509768158454381,-0.01484732116828564,0,0
2023-05-22,0.0004062725691854,-0.015033055569522159,-0.014847903773380479,0,0
2023-05-23,-0.0112863834558928,-0.015040856760142914,-0.015462384478432793,0,0
2023-05-24,-0.0072712863320879,-0.01567996780908888,-0.014515944610962507,0,0
2023-05-25,0.008622705734562,-0.014803296850986575,-0.014670859840167633,0,0
2023-05-26,0.0128675864367488,-0.014925410409668043,-0.01367405683250557,0,0
2023-05-30,0.0003808424590629,-0.014029697790394735,-0.013368474836662219,0,0
2023-05-31,-0.0055607105480175,-0.01383540369609395,-0.013536013331058258,0,0
2023-06-01,0.0094562127376342,-0.01374079994916055,-0.013181797714991325,0,0
2023-06-02,0.0143575539201956,-0.013392093687351374,-0.013605198407863296,0,0
2023-06-05,-0.0019181637566258,-0.01362965699874657,-0.013244107720466735,0,0
2023-06-06,0.0021752168133399,-0.013158887545862565,-0.011825599367070947,0,0
2023-06-07,-0.0034636479978667,-0.011719242085091513,-0.011963668289214354,0,0
2023-06-08,0.0060302552936313,-0.011874315269102282,-0.011845468922707469,0,0
2023-06-09,0.0017926988374208,-0.011820328125678407,-0.011805049812370726,0,0
2023-06-12,0.0090308955106011,-0.011834327346373835,-0.011983875499865572,0,0
2023-06-13,0.0065714127266106,-0.011823314221846393,-0.0119840774216075,0,0
2023-06-14,0.0011900710758249,-0.011827792213158612,-0.011995391191314706,0,0
2023-06-15,0.0123213459833239,-0.011846966001313146,-0.011919385948769477,0,0
2023-06-16,-0.0034118411150229,-0.01169130704902987,-0.011727901651057995,0,0
2023-06-20,-0.0052018391595967,-0.011567223920773802,-0.01178448335669946,0,0
2023-06-21,-0.0051368508839141,-0.011773974417647196,-0.012009719622713506,0,0
2023-06-22,0.0036031606667444,-0.011967632116115899,-0.012007229996063289,0,0
2023-06-23,-0.0075886919792509,-0.011933260481182071,-0.011510562585526561,0,0
2023-06-26,-0.0040940414488932,-0.011502354567560815,-0.01120462392391097,0,0
2023-06-27,0.0109035238660407,-0.011183479760219842,-0.011402018664863341,0,0
2023-06-28,0.0005043361500026,-0.011478281198333521,-0.010738116985114569,0,0
2023-06-29,0.0039336844435335,-0.010824374062786465,-0.010741493292385456,0,0
2023-06-30,0.0117315060773399,-0.010740212599952233,-0.010851402281859789,0,0
2023-07-03,0.0011498895935602,-0.010821475486006215,-0.010588200584220091,0,0
2023-07-05,-0.0014883693720549,-0.010592624337653041,-0.00969682962283769,0,0
2023-07-06,-0.0078614508910397,-0.009616093851627728,-0.010228487531201771,0,0
2023-07-07,-0.0025279087400917,-0.010205154848950267,-0.010328829532023673,0,0
2023-07-10,0.0025279087400918,-0.010359691553295448,-0.010175193288978287,0,0
2023-07-11,0.0063483694071335,-0.010201689899294177,-0.010194475929959977,0,0
2023-07-12,0.0080137360217131,-0.010048932120997112,-0.010449011710885628,0,0
2023-07-13,0.0079055392798393,-0.010451444185665798,-0.010352914315648384,0,0
2023-07-14,-0.0006230961032559,-0.010383453217498364,-0.010232868546635935,0,0
2023-07-17,0.0034662812215284,-0.010236058833971044,-0.010255132750769766,0,0
2023-07-18,0.007403074742998,-0.010290731980247398,-0.009699133545669213,0,0
2023-07-19,0.0022213761606953,-0.009892308081410695,-0.00952976750239831,0,0
2023-07-20,-0.0066566271372238,-0.009673586245550488,-0.009684840685974664,0,0
2023-07-21,0.0,-0.009767245466183084,-0.009371442497951351,0,0
2023-07-24,0.0044572331891629,-0.009508812448894283,-0.009398019793474112,0,0
2023-07-25,0.0027264268073132,-0.00945912417659167,-0.008693280314766233,0,0
2023-07-26,0.0001537205225197,-0.008742158226853517,-0.008393694478915012,0,0
2023-07-27,-0.0066520820574903,-0.008473127640620505,-0.008405424219476003,0,0
2023-07-28,0.0097427696034661,-0.008473181693408207,-0.008862026168588362,0,0
2023-07-31,0.0019022787687022,-0.008941689525679168,-0.008837892892563686,0,0
2023-08-01,-0.0028657821181795,-0.008843357487530597,-0.008215378252151899,0,0
2023-08-02,-0.0140084341533571,-0.008183336625045518,-0.009905060869058596,1,1
2023-08-03,-0.0028699906531661,-0.009846262364351049,-0.009958163209712219,0,0
2023-08-04,-0.0045330676681171,-0.00997731092339397,-0.009641781061987029,0,0
2023-08-07,0.008690746585623,-0.009666747468876078,-0.009958638074883407,0,0
2023-08-08,-0.0043581808770844,-0.009939458571022576,-0.010148912222549992,0,0
2023-08-09,-0.0067077593905465,-0.010438858533176864,-0.010294628385500555,0,0
2023-08-10,0.0003588815096687,-0.010584670534311037,-0.009882430844848357,0,0
2023-08-11,-0.0005832478750083,-0.010077612298918336,-0.009421400920685595,0,0
2023-08-14,0.0055049227872889,-0.009726968242291594,-0.009656992441183848,0,0
2023-08-15,-0.0117172439934345,-0.010033133330579222,-0.010402389364499243,1,1
2023-08-16,-0.0073652634843026,-0.010620177982702261,-0.010165831303046918,0,0
2023-08-17,-0.0076490926224174,-0.010320307393098842,-0.010287051321617589,0,0
2023-08-18,0.0004811796306103,-0.010396526138177504,-0.010170259480124556,0,0
2023-08-21,0.0064853030373349,-0.010293100424959156,-0.01057363044445581,0,0
2023-08-22,-0.0027123214884077,-0.010794823751422586,-0.010349750536691165,0,0
2023-08-23,0.0110762507923125,-0.0105613959784057,-0.011230719368524388,0,0
2023-08-24,-0.013956051203885,-0.011510440445645451,-0.01209005714639593,1,1
2023-08-25,0.0070250291097934,-0.012346730984155976,-0.01236967285395363,0,0
2023-08-28,0.0063213606320639,-0.012657885681983064,-0.012010889242320619,0,0
2023-08-29,0.0143511796842359,-0.0121730615485302,-0.013254578205532542,0,0
2023-08-30,0.0041103792802009,-0.013642220398123314,-0.013351232240801111,0,0
2023-08-31,-0.00146445525946,-0.013775213584423553,-0.01236664485304508,0,0
2023-09-01,0.0018634802206241,-0.012853314964142628,-0.01233350228769248,0,0
2023-09-05,-0.0043312393567843,-0.01273114443441345,-0.012323125315828602,0,0
2023-09-06,-0.0067450970563304,-0.012946218372050533,-0.012138387721468542,0,0
2023-09-07,-0.0030749951638414,-0.01264658064361812,-0.01209152902860923,0,0
2023-09-08,0.0015048874412468,-0.01233100047466827,-0.011870714531188004,0,0
2023-09-11,0.0065552354440265,-0.01210863563057659,-0.012103855805960073,0,0
2023-09-12,-0.0055007372442072,-0.012387007416084249,-0.01227821782370218,0,0
2023-09-13,0.0011651964258451,-0.012400883343471924,-0.012114460696770347,0,0
2023-09-14,0.0085855090922356,-0.01216698190185594,-0.01168071858220742,0,0
2023-09-15,-0.0121213947549436,-0.011843295526612006,-0.012241568102713617,1,0
2023-09-18,0.0005862443452241,-0.01241931518512668,-0.011844016926040046,0,0
2023-09-19,-0.0020760468943669,-0.01206584481156143,-0.011893527891669817,0,0
2023-09-20,-0.009235698385214,-0.012081028528177133,-0.012218329472697966,0,0
2023-09-21,-0.016666715311354,-0.0123311526618411,-0.01360005916698847,1,1
2023-09-22,-0.0022510212820298,-0.013791362253805306,-0.012877945226814841,0,0
2023-09-25,0.0041964126388634,-0.012955540375992142,-0.012069906361581626,0,0
2023-09-26,-0.0148002924232672,-0.012100666282014477,-0.012788475389402323,1,1
2023-09-27,0.0003990587765118,-0.012934498207410564,-0.012478792378703672,0,0
2023-09-28,0.0057807611592164,-0.012835026501915297,-0.011315802684811326,0,0
2023-09-29,-0.0024299019214405,-0.011541347630809495,-0.01107329727636178,0,0
2023-10-02,-0.0003977972398919,-0.011206969631486005,-0.011091880943723334,0,0
2023-10-03,-0.0134764353672072,-0.01134682868644003,-0.011658888040057202,1,1
2023-10-04,0.0072556335401669,-0.011835429341223051,-0.012216890890926875,0,0
2023-10-05,-0.0003769276570075,-0.012018462413895113,-0.012131917031007125,0,0
2023-10-06,0.0118029704234298,-0.011968613028388964,-0.013123026466722844,0,0
2023-10-09,0.006381612468217,-0.013089371340165995,-0.013388152126143615,0,0
2023-10-10,0.005191440560659,-0.013350992537690582,-0.013288930922801884,0,0
2023-10-11,0.0040878701581288,-0.01338001979908896,-0.013327726040627302,0,0
2023-10-12,-0.0061151100982975,-0.01353240943689939,-0.013432647311810238,0,0
2023-10-13,-0.0049933003116723,-0.013850918979962918,-0.01296754431036369,0,0
2023-10-16,0.0104665639490457,-0.013406645273792483,-0.013085821403060638,0,0
2023-10-17,-4.5851628110898625e-05,-0.013456320008751608,-0.013078768295330364,0,0
2023-10-18,-0.0134147992801023,-0.013393141779125962,-0.013836883498476416,1,0
2023-10-19,-0.0088251688208506,-0.014130486049677616,-0.013806039662275626,0,0
2023-10-20,-0.0123641245263837,-0.013849757454296754,-0.013234622005456038,0,0
2023-10-23,-0.0017348395401526,-0.013354069402604515,-0.01323005328724516,0,0
2023-10-24,0.0075112085253533,-0.013400469879780476,-0.013461547662596694,0,0
2023-10-25,-0.0144562392259371,-0.013698670210962214,-0.013414168400211826,1,1
2023-10-26,-0.0120468825526668,-0.013653581243811426,-0.013978037885152853,0,0
2023-10-27,-0.0045429950258756,-0.014178628738045427,-0.013736361780270948,0,0
2023-10-30,0.01188491058388,-0.013963613930042099,-0.014612298937241261,0,0
2023-10-31,0.006260678659478,-0.01481968730975595,-0.01486386394654091,0,0
2023-11-01,0.0106080762708116,-0.014959361641857717,-0.014647157467605254,0,0
2023-11-02,0.0189831590263018,-0.014800544788118227,-0.015965501624318076,0,0
2023-11-03,0.0090819593476802,-0.01616933647386356,-0.016239505825002148,0,0
2023-11-06,0.0022978035569151,-0.016511163867088792,-0.015745260071779506,0,0
2023-11-07,0.0028419891131043,-0.016031448999260782,-0.015622556005014528,0,0
2023-11-08,0.0007322791798963,-0.01588722429664753,-0.015523408087844692,0,0
2023-11-09,-0.0078293756855054,-0.015965187796164713,-0.015717750982677695,0,0
2023-11-10,0.0154842469588453,-0.016218584871687366,-0.01652284096960325,0,0
2023-11-13,-0.0009536158068763,-0.016873203039746612,-0.016395786370583747,0,0
2023-11-14,0.0192149757796075,-0.01669594724817414,-0.01735535611992595,0,0
2023-11-15,0.0021148106496294,-0.017611708808559088,-0.017348904142734694,0,0
2023-11-16,0.00122235242637,-0.017455888542093612,-0.01642087531754475,0,0
2023-11-17,0.0012429307520376,-0.016708393720834276,-0.015898593212397515,0,0
2023-11-20,0.0076682058612955,-0.016212506797500793,-0.014937103652156223,0,0
2023-11-21,-0.0021818164990036,-0.015483276924723403,-0.014959541205989448,0,0
2023-11-22,0.0038533427665268,-0.01550286788369714,-0.014886880600706656,0,0
2023-11-24,0.0006152892619038,-0.01525823019862098,-0.013343792768518548,0,0
2023-11-27,-0.0018025285331149,-0.013553324216217012,-0.012114635292257425,0,0
2023-11-28,0.0009895331254941,-0.012176140442769302,-0.011705049648110137,0,0
2023-11-29,-0.0007037413192071,-0.011658437513076669,-0.011556067068123111,0,0
2023-11-30,0.0039297588590957,-0.01149078028345724,-0.011532102548278031,0,0
2023-12-01,0.0058984089851757,-0.011310334060329316,-0.011297513917218368,0,0
2023-12-04,-0.0052631941102024,-0.0108726306205792,-0.010231291917792523,0,0
2023-12-05,-0.0001970520523024,-0.009843177698793481,-0.009997997126030589,0,0
2023-12-06,-0.004037762755163,-0.009604842415177796,-0.01025702083381442,0,0
2023-12-07,0.007601309224017,-0.00987207225595027,-0.010447846079497747,0,0
2023-12-08,0.004289909982509,-0.010173123960160218,-0.010455204494395371,0,0
2023-12-11,0.0038820484623017,-0.010115305432403757,-0.009718817248040365,0,0
2023-12-12,0.004556664381509,-0.009378988459348446,-0.008538823407265349,0,0
2023-12-13,0.0136958926209523,-0.0083205285436516,-0.0093261988834559,0,0
2023-12-14,0.0032044109194223,-0.009080389392626046,-0.007106682690269878,0,0
2023-12-15,-0.0016478570576882,-0.0069664798648843415,-0.007254511598743244,0,0
2023-12-18,0.0056093033768417,-0.0071361711131208835,-0.007342494071823791,0,0
2023-12-19,0.0060624534000208,-0.007052320346090901,-0.007439500391921319,0,0
2023-12-20,-0.0139542243634586,-0.0073071005562598745,-0.009291264135755165,1,1
2023-12-21,0.0094373519086354,-0.008718964803334284,-0.009576672831917142,0,0
2023-12-22,0.0020076568058998,-0.008997508277106943,-0.009556235694461596,0,0
2023-12-26,0.0042136518967232,-0.009151236929100066,-0.00956770460372155,0,0
2023-12-27,0.0018064369932373,-0.009360706449960256,-0.009446573937586513,0,0
2023-12-28,0.0003775916415979,-0.009514344548824858,-0.009461884592648765,0,0
2023-12-29,-0.002899047213771,-0.009816356764028991,-0.00959177085112074,0,0
2024-01-02,-0.0056122356128089,-0.009914613420299893,-0.00997791085024923,0,0
2024-01-03,-0.0082001903334121,-0.010277259388165497,-0.01047654463694311,0,0
2024-01-04,-0.0032262246375823,-0.01077560429649348,-0.010331390226802534,0,0
2024-01-05,0.0013686345075346,-0.01046352010912204,-0.010316295192077616,0,0
2024-01-08,0.014175083024444,-0.010428497198133201,-0.011071111424670248,0,0
2024-01-09,-0.0015181474062526,-0.011191753084654234,-0.010955446119005879,0,0
2024-01-10,0.0056394259331273,-0.011165100162404934,-0.011007657042660877,0,0
2024-01-11,-0.0004408221951447,-0.011242289364118736,-0.011009388206578728,0,0
2024-01-12,0.0006926051795439,-0.011298628823362985,-0.010958641149200636,0,0
2024-01-16,-0.0036781014953506,-0.011322046170340027,-0.010074465197238269,0,0
2024-01-17,-0.0055740471780459,-0.01052873718477179,-0.010263038346527333,0,0
2024-01-18,0.0088534246114138,-0.010677603861982151,-0.010687751013002364,0,0
2024-01-19,0.0123890371953498,-0.011087376850846367,-0.011362944135880265,0,0
2024-01-22,0.0021122464044787,-0.011766459491691736,-0.011214420470984561,0,0
2024-01-23,0.0029120692480078,-0.011283901588278534,-0.009738162661879383,0,0
2024-01-24,0.0010925728472985,-0.009872389043782943,-0.009286641899965592,0,0
2024-01-25,0.0054241478951535,-0.009535252799549242,-0.009404001262404605,0,0
2024-01-26,-0.0012712188405398,-0.009760863289086312,-0.009389977106772618,0,0
2024-01-29,0.0078882238572912,-0.009732220214547494,-0.009695141974714301,0,0
2024-01-30,-0.000773718686415,-0.00984229989035176,-0.009721183780074015,0,0
2024-01-31,-0.0164518935571212,-0.009761777563494585,-0.011572443140445013,1,1
2024-02-01,0.013003211698955,-0.01152228298775462,-0.012104208494564174,0,0
2024-02-02,0.0104723328013587,-0.011905773271445444,-0.011904861978574852,0,0
2024-02-05,-0.0036478093136881,-0.011794509187377082,-0.011933355670414621,0,0
2024-02-06,0.0028990361719943,-0.011989783924276711,-0.011926230725913981,0,0
2024-02-07,0.0083059308117582,-0.012303687499636257,-0.011325289530721764,0,0
2024-02-08,0.0004415880600285,-0.011844165749168044,-0.011257523035606249,0,0
2024-02-09,0.0057626993428151,-0.011740476605169142,-0.011262415462895966,0,0
2024-02-12,-0.0004389248976362,-0.011718636275784245,-0.011262350730838123,0,0
2024-02-13,-0.0138688154441223,-0.011717223462900949,-0.01268413254991921,1,1
2024-02-14,0.0090465632855814,-0.012820736751863043,-0.012775276646289755,0,0
2024-02-15,0.0068761054360198,-0.01284127281735908,-0.012514405219189461,0,0
2024-02-16,-0.0049924861507442,-0.012572879136181962,-0.012610707483887998,0,0
2024-02-20,-0.0055205699363456,-0.012624433504414221,-0.012296729032027316,0,0
2024-02-21,0.0009054804581465,-0.01257802134954683,-0.012294820832288032,0,0
2024-02-22,0.020484169834159,-0.0127315869317046,-0.014086705830832179,0,0
2024-02-23,0.0006894399534164,-0.01443839342432768,-0.01409163153507731,0,0
2024-02-26,-0.0036691525229016,-0.014452340214586036,-0.014183858919611271,0,0
2024-02-27,0.0018559608953427,-0.014505790652606113,-0.014138959212862269,0,0
2024-02-28,-0.0013225828915811,-0.014276402512053372,-0.01399437602881772,0,0
2024-02-29,0.0035884511882892,-0.014436506530549861,-0.013988987727003398,0,0
2024-03-01,0.0093446642373774,-0.014364668173072623,-0.012456481312123286,0,0
2024-03-04,-0.0010732148786256,-0.01287342987119696,-0.011920171349914407,0,0
2024-03-05,-0.0100443114138186,-0.012367968371076453,-0.012263227027282624,0,0
2024-03-06,0.0050544210013805,-0.012682670939544364,-0.01219352869773067,0,0
2024-03-07,0.0098774691416569,-0.012405923202985251,-0.01254367339818693,0,0
2024-03-08,-0.0060202820242488,-0.012533711522538078,-0.012618058171079612,0,0
2024-03-11,-0.0008601065247646,-0.01250484644006316,-0.012638456562210127,0,0
2024-03-12,0.010699857627119,-0.01258812776197057,-0.012997519705816776,0,0
2024-03-13,-0.0015687969483455,-0.012955303919078192,-0.013026119153222446,0,0
2024-03-14,-0.0019786212619392,-0.01296721757432351,-0.011779753178033805,0,0
2024-03-15,-0.0068902829679077,-0.01192071021912823,-0.011873183873165218,0,0
2024-03-18,0.0059254380743984,-0.012077098481203224,-0.011816593558232544,0,0
2024-03-19,0.0055418102740739,-0.012050260950064576,-0.011678046595843582,0,0
2024-03-20,0.009206702907725,-0.01195217865565642,-0.011648125143928842,0,0
2024-03-21,0.0032993200143651,-0.011670956330033032,-0.011639128605290499,0,0
2024-03-22,-0.0018975300241155,-0.011580291279116826,-0.009539494035814066,0,0
2024-03-25,-0.0027666949256672,-0.009557385221668843,-0.009655115911826969,0,0
2024-03-26,-0.0018487450962024,-0.009594349495784443,-0.009551136070397646,0,0
2024-03-27,0.0083687854272596,-0.009496116775132022,-0.00987925046998368,0,0
2024-03-28,-0.000191163873347,-0.009925040583316894,-0.009841482742707375,0,0
2024-04-01,-0.0017413385212349,-0.009520933892706172,-0.00988918782176006,0,0
2024-04-02,-0.0063783205372881,-0.009670845865729832,-0.009801014461393314,0,0
2024-04-03,0.0010977005365216,-0.009612957680137481,-0.009778812198253507,0,0
2024-04-04,-0.0122809458730758,-0.009634894986045134,-0.01014072781545481,1,1
2024-04-05,0.010392508732894,-0.009973693099692172,-0.01062063650228359,0,0
2024-04-08,0.000559228047204,-0.010662094043675885,-0.010073832601610759,0,0
2024-04-09,0.0011561042728221,-0.010095364320391825,-0.009769432762886459,0,0
2024-04-10,-0.0100635465376001,-0.00981365388436794,-0.010517234209532203,1,0
2024-04-11,0.0075184712367565,-0.010547239499038972,-0.010151876972651198,0,0
2024-04-12,-0.0138991932885353,-0.01026812558046265,-0.011346784875157851,1,1
2024-04-15,-0.0126073015040756,-0.0114337903720603,-0.012167699892783566,1,1
2024-04-16,-0.0018254761417664,-0.012143924298595224,-0.011960681583459547,0,0
2024-04-17,-0.0059356981650261,-0.012070608854179387,-0.011843478608733879,0,0
2024-04-18,-0.0020599718253426,-0.011874305743346365,-0.011573061917056917,0,0
2024-04-19,-0.0087666259304017,-0.011776985322579163,-0.01110849752616541,0,0
2024-04-22,0.0091670619104199,-0.011495326558541854,-0.011697967913614674,0,0
2024-04-23,0.0117967528384333,-0.012190673369702467,-0.012717562070843381,0,0
2024-04-24,-0.0004747199947719,-0.013082612816355466,-0.01271190418887074,0,0
2024-04-25,-0.0038061431241861,-0.013074810595094874,-0.01274200406544078,0,0
2024-04-26,0.0094292896929704,-0.012881483304606,-0.012857461043304874,0,0
2024-04-29,0.0035351736498407,-0.01302057981008674,-0.012972995661295282,0,0
2024-04-30,-0.0159680295348948,-0.013318290193355087,-0.014016446984786986,1,1
2024-05-01,-0.0032524970657524,-0.01432065093489118,-0.013925253462333427,0,0
2024-05-02,0.0093101206700602,-0.014274730379455378,-0.014452690568499772,0,0
2024-05-03,0.0123191031803496,-0.014830846201145838,-0.014628979375069956,0,0
2024-05-06,0.0102737159257872,-0.01492266712276586,-0.014617438981046775,0,0
2024-05-07,0.0011029449127369,-0.015003328019003141,-0.014622416085473922,0,0
2024-05-08,9.659186667725528e-05,-0.015008428198198727,-0.014614603482651716,0,0
2024-05-09,0.0057453918445899,-0.015050399257043367,-0.014268112542750858,0,0
2024-05-10,0.0012872748543928,-0.014777016946776802,-0.014030160485600962,0,0
2024-05-13,0.000134373452473,-0.014455809195513557,-0.012979088776795485,0,0
2024-05-14,0.0045777003654032,-0.013304214083662787,-0.011982067660486923,0,0
2024-05-15,0.0123068650307508,-0.012327918220690499,-0.012475651049164945,0,0
2024-05-16,-0.0020596643455437,-0.01271926593893362,-0.012198978508546511,0,0
2024-05-17,0.0014364832035496,-0.012379970297277068,-0.01208211915790699,0,0
2024-05-20,0.0011515006981775,-0.012120217649744764,-0.011300046303908668,0,0
2024-05-21,0.0024494137638033,-0.011202087757533048,-0.011078745557002454,0,0
2024-05-22,-0.0028833279252145,-0.01097252970709353,-0.010735942815321082,0,0
2024-05-23,-0.0073310794489993,-0.010647320784161815,-0.011239386944867358,0,0
2024-05-24,0.0065947170810727,-0.011157264995550142,-0.011144949051287802,0,0
2024-05-28,0.0006987192851188,-0.011011328029746626,-0.01083559230386692,0,0
2024-05-29,-0.0070273231279122,-0.010767213280395723,-0.011284151344052425,0,0
2024-05-30,-0.0066558648560571,-0.011079256244731241,-0.009724138718225493,0,0
2024-05-31,0.0090669081769135,-0.009673527979228795,-0.009842700937113348,0,0
2024-06-03,0.0008150657972758,-0.009746620611346873,-0.009514958607179099,0,0
2024-06-04,0.0011171174892687,-0.009475996668638577,-0.008702281617679263,0,0
2024-06-05,0.0118149773516863,-0.008812283291072028,-0.008925614663018696,0,0
2024-06-06,-1.8475588544445443e-05,-0.00881628827288013,-0.008943799315682758,0,0
2024-06-07,-0.0012163976943494,-0.008800835664039343,-0.008985707156459768,0,0
2024-06-10,0.0030849122809887,-0.00880860286374841,-0.008866582568154502,0,0
2024-06-11,0.0024053245566559,-0.008594165472542877,-0.008873784129457541,0,0
2024-06-12,0.0081796523195612,-0.008653909613620578,-0.009177045715189184,0,0
2024-06-13,0.0020112776970075,-0.009146474034977765,-0.009119288055926267,0,0
2024-06-14,0.0006083661593164,-0.009063911386442622,-0.008201090635482248,0,0
2024-06-17,0.0079272604761739,-0.008179258139414617,-0.008451233674725804,0,0
2024-06-18,0.0025377113499828,-0.008524390642592146,-0.008457064734509993,0,0
2024-06-20,-0.002720341591681,-0.008595543677288023,-0.008602876230766136,0,0
2024-06-21,-0.0013414912119937,-0.008724800733674092,-0.008653622614228066,0,0
2024-06-24,-0.0032561511438087,-0.008647584827543535,-0.008679102843794397,0,0
2024-06-25,0.0038435681039601,-0.008700268242368138,-0.008082129913298878,0,0
2024-06-26,0.0012471450742852,-0.008094919098802842,-0.007881253565075706,0,0
2024-06-27,0.0015753964307606,-0.007909513704921852,-0.00787431276152818,0,0
2024-06-28,-0.0039428681088713,-0.007897036398683017,-0.007484321723177753,0,0
2024-07-01,0.002056002609921,-0.007698058632836463,-0.00677812311661718,0,0
2024-07-02,0.0067071960313887,-0.006914158022351947,-0.006501075531046396,0,0
2024-07-03,0.0044524776431023,-0.0066463675042407674,-0.006537216512497749,0,0
2024-07-05,0.0057502462536732,-0.006703094602722432,-0.006640125587257373,0,0
2024-07-08,0.001153050365615,-0.006709305572575418,-0.0056353779499833485,0,0
2024-07-09,0.0009722315767145,-0.005592721953862463,-0.0055995632140395275,0,0
2024-07-10,0.0098464441107992,-0.005571184030540826,-0.006122980596066581,0,0
2024-07-11,-0.0086601152254806,-0.006093448920040777,-0.007314022083535678,1,1
2024-07-12,0.0062878474244732,-0.0072716873314158095,-0.007476305402435608,0,0
2024-07-15,0.0027463458611404,-0.007269258854838839,-0.00713027316875153,0,0
2024-07-16,0.0059125678422317,-0.007033285718104042,-0.007274893765444087,0,0
2024-07-17,-0.0141202894045837,-0.007323752598627526,-0.009313507797483129,1,1
2024-07-18,-0.0077147190824635,-0.009524099063143368,-0.009516016884713135,0,0
2024-07-19,-0.0066624120351255,-0.009722929369668442,-0.009834788795257496,0,0
2024-07-22,0.0102568013337799,-0.010044913185226812,-0.010400851813446795,0,0
2024-07-23,-0.0015697531200072,-0.010619482333079812,-0.010407573845616741,0,0
2024-07-24,-0.0229231091944782,-0.01091597677927676,-0.013407198463562158,1,1
2024-07-25,-0.0052240135654185,-0.013824379072406478,-0.013438421245450563,0,0
2024-07-26,0.0111373449721943,-0.013898261642442592,-0.014072699756371298,0,0
2024-07-29,0.0005877213779455,-0.014594234870979706,-0.014061315645850217,0,0
2024-07-30,-0.0050793416296148,-0.014590306381018808,-0.014108725474434251,0,0
2024-07-31,0.0161238941180103,-0.014956161232138674,-0.015268255351966957,0,0
2024-08-01,-0.0142622515169351,-0.01611300247506109,-0.015950382731786214,0,0
2024-08-02,-0.0187937760919948,-0.01686511788681792,-0.01710968743358739,1,1
2024-08-05,-0.02955621368722,-0.017931602678436104,-0.019566293073028224,1,1
2024-08-06,0.0091773443986838,-0.02033120736544339,-0.02002069038710671,0,0
2024-08-07,-0.0067065538371309,-0.02065864094322127,-0.02000797102511244,0,0
2024-08-08,0.022854099981852,-0.020733546225085872,-0.021641773037942853,0,0
2024-08-09,0.0043999423203779,-0.022446018988788282,-0.021660916690263335,0,0
2024-08-12,0.0005255539010084,-0.022894199562723632,-0.0214585302242058,0,0
2024-08-13,0.0163116602988251,-0.02280732701725522,-0.02242321671891879,0,0
2024-08-14,0.003149870663431,-0.023543609942059836,-0.022318315917778955,0,0
2024-08-15,0.0169950085725986,-0.023547228863764143,-0.02278682518875163,0,0
2024-08-16,0.0022394696673835,-0.02384988556234724,-0.022630124250412786,0,0
2024-08-19,0.0095160616629845,-0.02339185487412543,-0.02271696421213043,0,0
2024-08-20,-0.0016275489626826,-0.02355778842432963,-0.022454646577247796,0,0
2024-08-21,0.0034306615385566,-0.023302562839771765,-0.022468648699909843,0,0
2024-08-22,-0.0078794282399057,-0.023069036287021352,-0.020936042049825358,0,0
2024-08-23,0.0105693684027156,-0.021616387623340467,-0.02103740758708039,0,0
2024-08-26,-0.0023866256463959,-0.021717135816098937,-0.020806173865838034,0,0
2024-08-27,0.0013720457018523,-0.021345499110963395,-0.02080389024915781,0,0
2024-08-28,-0.0058222778714784,-0.02135316663652975,-0.02083709802091393,0,0
2024-08-29,8.985306128453934e-05,-0.021012302697847814,-0.02008684049018448,0,0
2024-08-30,0.0095005989407891,-0.020199147656627694,-0.019503192149649733,0,0
2024-09-03,-0.0207939177989506,-0.019528758749800302,-0.01979956611419548,1,1
2024-09-04,-0.0020488617355461,-0.019704330660579417,-0.01603157844708395,0,0
2024-09-05,-0.0024350014695619,-0.01606259629487127,-0.01596736429048505,0,0
2024-09-06,-0.0169733944341868,-0.016036204381360112,-0.017144841464867958,1,0
2024-09-09,0.0111339865189416,-0.017004416110572074,-0.015664060007804487,0,0
2024-09-10,0.0043462129415687,-0.015600361028356595,-0.01566267686237938,0,0
2024-09-11,0.0102066817061745,-0.014959872284868796,-0.01597270552350444,0,0
2024-09-12,0.0083881189110936,-0.015215660096141562,-0.015238710673825507,0,0
2024-09-13,0.0052090359063868,-0.014782271110298296,-0.01528717739080204,0,0
2024-09-16,0.001475923113059,-0.014615989799059124,-0.014141178481532226,0,0
2024-09-17,0.0004084855681508,-0.013441747719853365,-0.014131827046415333,0,0
2024-09-18,-0.0029703585857181,-0.013889432568631238,-0.01379021732778824,0,0
2024-09-19,0.0169204189311005,-0.013471194985710344,-0.015018735015305415,0,0
2024-09-20,-0.0017299131634532,-0.014573125286176295,-0.015021619706578407,0,0
2024-09-23,0.0024954893951245,-0.01459749849493398,-0.014669119530814387,0,0
2024-09-24,0.0028573556111468,-0.014191551507858885,-0.01426431456521375,0,0
2024-09-25,-0.0022079972930059,-0.013751169970339703,-0.014258862202130646,0,0
2024-09-26,0.0039568006453575,-0.014045648128806126,-0.014299951242266615,0,0
2024-09-27,-0.001451307243105,-0.014073390064860322,-0.014100546444607964,0,0
2024-09-30,0.0039992213063727,-0.013949514646518666,-0.014126601899192551,0,0
2024-10-01,-0.0089986914040037,-0.01393234281779275,-0.014258995259368148,0,0
2024-10-02,0.0004218834569668,-0.014116585015498014,-0.011778339280404225,0,0
2024-10-03,-0.0018298496805709,-0.011771291154762895,-0.011769491294859847,0,0
2024-10-04,0.0090463371390213,-0.01173053761750709,-0.011959342597315454,0,0
2024-10-07,-0.00908156991277,-0.011882294609623697,-0.010500643454475144,0,0
2024-10-08,0.0094130977702716,-0.010628941248337763,-0.010326047461477932,0,0
2024-10-09,0.0069025836206275,-0.01004188280256752,-0.010430705453831454,0,0
2024-10-10,-0.0017515942371071,-0.010113873192604836,-0.010120906983421883,0,0
2024-10-11,0.0059703017845181,-0.009900332242916433,-0.009949407716481003,0,0
2024-10-14,0.00814508183739,-0.009486716305337657,-0.010137150820138784,0,0
2024-10-15,-0.007799968636836,-0.009674514738542219,-0.010731325759885346,0,0
2024-10-16,0.0043369718761821,-0.010527354803313979,-0.010766986469332421,0,0
2024-10-17,8.599310033373855e-05,-0.01052851202525099,-0.01064106856569885,0,0
2024-10-18,0.0038389937679599,-0.010302676137980674,-0.009060061638694345,0,0
2024-10-21,-0.0016435547744221,-0.009010620210045173,-0.009056248800512428,0,0
2024-10-22,-0.000531233286671,-0.009140261401575084,-0.009066077025748737,0,0
2024-10-23,-0.0091795343779118,-0.009164153299647529,-0.009758432104230427,1,0
2024-10-24,0.0021604990918101,-0.009804215754854451,-0.00971703477934204,0,0
2024-10-25,-0.0003454350047973,-0.009515738884654502,-0.009648169093578986,0,0
2024-10-28,0.0030866576271853,-0.009444321137217609,-0.009657841503543573,0,0
2024-10-29,0.0016170844558278,-0.009391028375072765,-0.009587810080320457,0,0
2024-10-30,-0.003029923714273,-0.009438381629673911,-0.008995449701443985,0,0
2024-10-31,-0.0197976399393221,-0.009032285561479432,-0.011681108961587356,1,1
2024-11-01,0.0042115691175166,-0.011749531802954884,-0.011755415236227917,0,0
2024-11-04,-0.0021563387077012,-0.011811373275171368,-0.011302916928561566,0,0
2024-11-05,0.0120192963929622,-0.011454263551562045,-0.011609549002834545,0,0
2024-11-06,0.0245615731856243,-0.011567380018072459,-0.014138258373159155,0,0
2024-11-07,0.0077023209097456,-0.014453525840126772,-0.014182734180066362,0,0
2024-11-08,0.0043224910385922,-0.014551066033766939,-0.014161906915286905,0,0
2024-11-11,0.0009521646996652,-0.014464199694689142,-0.014075774875786472,0,0
2024-11-12,-0.0031111788157091,-0.014413991938129533,-0.01394157401038527,0,0
2024-11-13,0.0004857556014381,-0.014753795564354983,-0.013544486353997022,0,0
2024-11-14,-0.0064509881742512,-0.014104092634206639,-0.013780445730397,0,0
2024-11-15,-0.0128914504277088,-0.014321207190195143,-0.014643752239206201,0,0
2024-11-18,0.0040891167974828,-0.015242068923346374,-0.014652254886768917,0,0
2024-11-19,0.0036489233122981,-0.01519459035509451,-0.01468093696835298,0,0
2024-11-20,0.0003386364663645,-0.014884146290037419,-0.01467566077097037,0,0
2024-11-21,0.0053539834060511,-0.014875378216515552,-0.014289943092657152,0,0
2024-11-22,0.0030946948639429,-0.014672568408406986,-0.014301706767380334,0,0
2024-11-25,0.0033864118995236,-0.014694678434210368,-0.01430567821127166,0,0
2024-11-26,0.0052079991496678,-0.014717668499227374,-0.014357739031828328,0,0
2024-11-27,-0.0030348665964675,-0.014820145497477807,-0.014453668126136444,0,0
2024-11-29,0.0061929526756002,-0.014849527201962098,-0.01445242594630128,0,0
2024-12-02,0.0017906542793228,-0.014602636496207504,-0.011944822035203024,0,0
2024-12-03,0.0004637779193025,-0.012177910080051205,-0.01196249146113459,0,0
2024-12-04,0.0061903007044189,-0.012222777079204173,-0.011882295986513624,0,0
2024-12-05,-0.0016469558453838,-0.012150162393107592,-0.011494941032337537,0,0
2024-12-06,0.0018937398846364,-0.011712464632742961,-0.007905118489162706,0,0
2024-12-09,-0.0051628290967027,-0.00781036798294594,-0.007851271960960401,0,0
2024-12-10,-0.0031139622247662,-0.007760068713847838,-0.00784337002680594,0,0
2024-12-11,0.0077010375919602,-0.007731557827267078,-0.008273913759605978,0,0
2024-12-12,-0.0051660157765023,-0.008105056081434749,-0.008432863302568398,0,0
2024-12-13,-0.000198641547458,-0.007654010068497305,-0.008437574546451172,0,0
2024-12-16,0.0042608930445313,-0.007900146427818533,-0.008103522600556202,0,0
2024-12-17,-0.004128563775186,-0.007509606728432361,-0.006516738002772668,0,0
2024-12-18,-0.0302566235799409,-0.006114126303272703,-0.013047490373498893,1,1
2024-12-19,-0.000307152457504,-0.012497237681515535,-0.01296863436208975,0,0
2024-12-20,0.0119395420110838,-0.012811646824904738,-0.013698699734043553,0,0
2024-12-23,0.0059704643899988,-0.013486420728466439,-0.013731748297283908,0,0
2024-12-24,0.0110534369838001,-0.013256141573119074,-0.014243058126122522,0,0
2024-12-26,6.683036504476618e-05,-0.014764754771321473,-0.014205650267783448,0,0
2024-12-27,-0.0105824116707527,-0.014695017968648005,-0.014616809010574458,0,0
2024-12-30,-0.0114772206486755,-0.015190573649307768,-0.015136212388158357,0,0
